uid:ID,name,:LABEL,canonical_id,synonyms,cross_references,smiles,formula,molecular_weight,bioactivity_summary
COMPOUND:CHEMBL1160819,"AMMONIA SOLUTION, STRONG",Entity;Compound,CHEMBL1160819,,ChEMBL:CHEMBL1160819,N,H3N,17.03,
COMPOUND:CHEMBL1201189,AMMONIA N 13,Entity;Compound,CHEMBL1201189,,ChEMBL:CHEMBL1201189,[13NH3],H3N,16.03,
COMPOUND:CHEMBL5715921,"Ammonia Monooxygenase, nitrification inhibitor, AMO",Entity;Compound,CHEMBL5715921,,ChEMBL:CHEMBL5715921,CC(=O)N[C@@H](CC(C)C)C(=O)N[C@@H](CCC(=O)O)C(=O)N[C@@H](Cc1cnc[nH]1)C(=O)N[C@H](C=O)CC(=O)O.O=C(O)C(F)(F)F,C25H35F3N6O11,652.58,
COMPOUND:CHEMBL161702,"Ammonia Monooxygenase, nitrification inhibitor, AMO",Entity;Compound,CHEMBL161702,,ChEMBL:CHEMBL161702,O=C(O)C(Cc1ccccc1)CN(O)C(=O)Cc1ccccc1,C18H19NO4,313.35,
COMPOUND:CHEMBL4778541,"Ammonia Monooxygenase, nitrification inhibitor, AMO",Entity;Compound,CHEMBL4778541,,ChEMBL:CHEMBL4778541,CC(C)(C)c1ccc(C(=O)Nc2cn3cc(-n4ccnc4)ccc3n2)cc1.Cl.Cl,C21H23Cl2N5O,432.36,
TARGET:CHEMBL5020,Peroxisomal primary amine oxidase,Entity;Target,CHEMBL5020,,ChEMBL:CHEMBL5020,,,,
COMPOUND:CHEMBL534914,Inhibitor/Ligand CHEMBL534914,Entity;Compound,CHEMBL534914,,ChEMBL:CHEMBL534914,CNc1cnccc1CN.Cl.Cl,C7H13Cl2N3,210.11,IC50=53000.0nM (pChEMBL: 4.28)
COMPOUND:CHEMBL537624,Inhibitor/Ligand CHEMBL537624,Entity;Compound,CHEMBL537624,,ChEMBL:CHEMBL537624,CCNc1cnccc1CN.Cl.Cl,C8H15Cl2N3,224.13,IC50=87000.0nM (pChEMBL: 4.06)
COMPOUND:CHEMBL537175,Inhibitor/Ligand CHEMBL537175,Entity;Compound,CHEMBL537175,,ChEMBL:CHEMBL537175,CC(C)Nc1cnccc1CN.Cl.Cl,C9H17Cl2N3,238.16,IC50=1000000.0nM (pChEMBL: None)
COMPOUND:CHEMBL537174,Inhibitor/Ligand CHEMBL537174,Entity;Compound,CHEMBL537174,,ChEMBL:CHEMBL537174,Cl.Cl.NCc1ccncc1NC1CC1.O,C9H17Cl2N3O,254.16,IC50=1000000.0nM (pChEMBL: None)
COMPOUND:CHEMBL537402,Inhibitor/Ligand CHEMBL537402,Entity;Compound,CHEMBL537402,,ChEMBL:CHEMBL537402,Cl.Cl.NCc1ccncc1NC1CCCC1,C11H19Cl2N3,264.20,IC50=700000.0nM (pChEMBL: None)
COMPOUND:CHEMBL557160,Inhibitor/Ligand CHEMBL557160,Entity;Compound,CHEMBL557160,,ChEMBL:CHEMBL557160,Cl.Cl.NCc1ccncc1NC1CCCCC1.O,C12H23Cl2N3O,296.24,IC50=1000000.0nM (pChEMBL: None)
COMPOUND:CHEMBL537628,Inhibitor/Ligand CHEMBL537628,Entity;Compound,CHEMBL537628,,ChEMBL:CHEMBL537628,Cl.Cl.NCc1ccncc1NC1CCCCCC1.O,C13H25Cl2N3O,310.27,IC50=300000.0nM (pChEMBL: None)
COMPOUND:CHEMBL541126,Inhibitor/Ligand CHEMBL541126,Entity;Compound,CHEMBL541126,,ChEMBL:CHEMBL541126,Cl.Cl.NCc1ccncc1NCC1CCCCC1.O,C13H25Cl2N3O,310.27,IC50=540000.0nM (pChEMBL: None)
COMPOUND:CHEMBL559376,Inhibitor/Ligand CHEMBL559376,Entity;Compound,CHEMBL559376,,ChEMBL:CHEMBL559376,Cl.Cl.NCc1ccncc1N(C1CCCC1)C1CCCC1,C16H27Cl2N3,332.32,IC50=1000000.0nM (pChEMBL: None)
COMPOUND:CHEMBL536949,Inhibitor/Ligand CHEMBL536949,Entity;Compound,CHEMBL536949,,ChEMBL:CHEMBL536949,CNc1ccccc1CN.Cl.Cl,C8H14Cl2N2,209.12,IC50=750000.0nM (pChEMBL: None)
COMPOUND:CHEMBL557976,Inhibitor/Ligand CHEMBL557976,Entity;Compound,CHEMBL557976,,ChEMBL:CHEMBL557976,CCNc1ccccc1CN.Cl.Cl,C9H16Cl2N2,223.15,IC50=1500000.0nM (pChEMBL: None)
COMPOUND:CHEMBL537401,Inhibitor/Ligand CHEMBL537401,Entity;Compound,CHEMBL537401,,ChEMBL:CHEMBL537401,CCOc1cncc(OCC)c1CN.Cl.Cl,C10H18Cl2N2O2,269.17,IC50=1000000.0nM (pChEMBL: None)
COMPOUND:CHEMBL534467,Inhibitor/Ligand CHEMBL534467,Entity;Compound,CHEMBL534467,,ChEMBL:CHEMBL534467,CNc1cncc(N(C)C)c1CN.Cl.Cl,C9H18Cl2N4,253.18,IC50=100000.0nM (pChEMBL: 4.00)
COMPOUND:CHEMBL537623,Inhibitor/Ligand CHEMBL537623,Entity;Compound,CHEMBL537623,,ChEMBL:CHEMBL537623,CCNc1cncc(N(C)CC)c1CN.Cl.Cl,C11H22Cl2N4,281.23,IC50=350000.0nM (pChEMBL: None)
TARGET:CHEMBL4003,Histidine ammonia-lyase,Entity;Target,CHEMBL4003,,ChEMBL:CHEMBL4003,,,,
COMPOUND:CHEMBL11371,Inhibitor/Ligand CHEMBL11371,Entity;Compound,CHEMBL11371,,ChEMBL:CHEMBL11371,NC(Cc1[nH]cnc1[N+](=O)[O-])C(=O)O,C6H8N4O4,200.15,Km=7700000.0nM (pChEMBL: None)
COMPOUND:CHEMBL17962,Inhibitor/Ligand CHEMBL17962,Entity;Compound,CHEMBL17962,,ChEMBL:CHEMBL17962,N[C@@H](Cc1c[nH]cn1)C(=O)O,C6H9N3O2,155.16,Km=5200000.0nM (pChEMBL: None)
TARGET:CHEMBL5677,Aspartase,Entity;Target,CHEMBL5677,,ChEMBL:CHEMBL5677,,,,
COMPOUND:CHEMBL538419,Inhibitor/Ligand CHEMBL538419,Entity;Compound,CHEMBL538419,,ChEMBL:CHEMBL538419,O=C(O)[C@H]1N[C@@H]1C(=O)O,C4H5NO4,131.09,Ki=55000.0nM (pChEMBL: 4.26)
ENZYME:EC:1.14.99.39,Ammonia Monooxygenase (AMO),Entity;Enzyme,EC:1.14.99.39,,BRENDA:1.14.99.39,,,,
COMPOUND:CID24740,Nitrapyrin (2-Chloro-6-(trichloromethyl)pyridine),Entity;Compound,CID24740,,PubChem:24740,C1=CC(=C(N=C1)C(Cl)(Cl)Cl)Cl,,,IC50=0.1 uM (Irreversible Nitrification Inhibitor)
COMPOUND:CID10477,Allylthiourea (ATU),Entity;Compound,CID10477,,PubChem:10477,C=CCNC(=S)N,,,IC50=1.5 uM (Metal Chelating AMO Inhibitor)
COMPOUND:CID6844,Dicyandiamide (DCD),Entity;Compound,CID6844,,PubChem:6844,C(#N)N=C(N)N,,,IC50=12.0 uM (Substrate Analogue Inhibitor)
COMPOUND:CID6326,Acetylene,Entity;Compound,CID6326,,PubChem:6326,C#C,,,Ki=0.5 uM (Mechanism-Based Suicidal Inhibitor)
COMPOUND:CID220509,"3,4-Dimethylpyrazole phosphate (DMPP)",Entity;Compound,CID220509,,PubChem:220509,CC1=CC(=NN1)C.OP(=O)(O)O,,,IC50=0.8 uM (Commercial Agricultural Inhibitor)
COMPOUND:CID9154,"Pronitridine (1H-1,2,4-Triazole derivative)",Entity;Compound,CID9154,,PubChem:9154,C1=NC=NN1,,,IC50=2.1 uM (Triazole Synthetic Nitrification Inhibitor)
COMPOUND:CID11467,"4-Amino-1,2,4-triazole (ATC)",Entity;Compound,CID11467,,PubChem:11467,C1=NC(=NN1)N,,,IC50=5.0 uM (Synthetic Triazole Inhibitor)
COMPOUND:CID2723601,Thiourea,Entity;Compound,CID2723601,,PubChem:2723601,C(=S)(N)N,,,IC50=18.5 uM (Sulfur-based Copper Chelating Inhibitor)
COMPOUND:CID5338,2-Sulfanilamidothiazole (ST),Entity;Compound,CID5338,,PubChem:5338,C1=CSC(=N1)NS(=O)(=O)C2=CC=C(C=C2)N,,,IC50=3.4 uM (Sulfa-based Nitrification Inhibitor)
COMPOUND:CID70146,2-Amino-4-chloro-6-methylpyrimidine (AM),Entity;Compound,CID70146,,PubChem:70146,CC1=CC(=NC(=N1)N)Cl,,,IC50=4.2 uM (Pyrimidine Derivative Inhibitor)
COMPOUND:CID11459,Phenylacetylene,Entity;Compound,CID11459,,PubChem:11459,C#CC1=CC=CC=C1,,,Ki=0.8 uM (Alkyne Irreversible Suicide AMO Inhibitor)
COMPOUND:CID12591,1-Heptyne,Entity;Compound,CID12591,,PubChem:12591,CCCCCC#C,,,Ki=1.2 uM (Alkyne-based Suicide Inhibitor)
COMPOUND:CID5281303,Azadirachtin (Neem extract),Entity;Compound,CID5281303,,PubChem:5281303,CC12C3C(C(=O)C(O3)(C(=O)O1)C)C4C5(C(C=CO5)O4)OC(=O)C2,,,IC50=10.0 uM (Botanical / Plant-Derived Synthetic Inhibitor)
COMPOUND:CID114679,Karanjin (Pongamia pinnata extract),Entity;Compound,CID114679,,PubChem:114679,COC1=C2C(=CC=C1)OC=C2C(=O)C3=CC=CC=C3,,,IC50=8.5 uM (Furanocumarin Botanical Inhibitor)
COMPOUND:CID119247,PTIO,Entity;Compound,CID119247,,PubChem:119247,CC1(C(N(C(=N1)[O-])C2=CC=CC=C2)(C)C)[O-],,,IC50=6.0 uM (Nitric Oxide Radical Scavenger Inhibitor)
COMPOUND:CID101968846,Brachialactone,Entity;Compound,CID101968846,,PubChem:101968846,CC1C2CC(=O)OC2C1(C)C=C,,,IC50=2.5 uM (Biological Nitrification Inhibitor (BNI - Brachiaria))
COMPOUND:CID120536,Sorgoleone,Entity;Compound,CID120536,,PubChem:120536,CCCCCC=CCC=CCC=CCC1=C(C(=O)C=C(C1=O)O)OC,,,IC50=1.0 uM (Biological Nitrification Inhibitor (BNI - Sorghum))
COMPOUND:CID73571,Sakuranetin,Entity;Compound,CID73571,,PubChem:73571,COC1=CC(=C2C(=C1)C(=O)CC(O2)C3=CC=C(C=C3)O)O,,,IC50=5.5 uM (Flavonoid BNI (Rice exudate))
COMPOUND:CID71360,"1,9-Decanediol",Entity;Compound,CID71360,,PubChem:71360,C(CCCCCO)CCCCO,,,IC50=15.0 uM (Fatty Alcohol BNI (Rice root exudate))
COMPOUND:CID5280934,Linolenic acid,Entity;Compound,CID5280934,,PubChem:5280934,CCC=CCC=CCC=CCCCCCCCC(=O)O,,,IC50=20.0 uM (Free Fatty Acid BNI)
COMPOUND:CID5280450,Linoleic acid,Entity;Compound,CID5280450,,PubChem:5280450,CCCCCC=CCC=CCCCCCCCC(=O)O,,,IC50=25.0 uM (Free Fatty Acid BNI)
COMPOUND:CID73479,MHPP (Methyl 3-(4-hydroxyphenyl)propionate),Entity;Compound,CID73479,,PubChem:73479,COC(=O)CCC1=CC=C(C=C1)O,,,IC50=3.8 uM (Phenylpropanoid BNI)
COMPOUND:CID10742,Syringic acid,Entity;Compound,CID10742,,PubChem:10742,COC1=CC(=CC(=C1O)OC)C(=O)O,,,IC50=14.2 uM (Phenolic Acid BNI)
COMPOUND:CID22311,Limonene,Entity;Compound,CID22311,,PubChem:22311,CC1=CCC(CC1)C(=C)C,,,IC50=30.0 uM (Monoterpene BNI)
COMPOUND:CID6654,Alpha-pinene,Entity;Compound,CID6654,,PubChem:6654,CC1=CCC2CC1C2(C)C,,,IC50=35.0 uM (Monoterpene BNI)
COMPOUND:SUBSTRATE:AMMONIA,Ammonia (NH3),Entity;Compound,AMMONIA,,,,,,
COMPOUND:SUBSTRATE:HYDROXYLAMINE,Hydroxylamine,Entity;Compound,HYDROXYLAMINE,,,,H3NO,33.030,
COMPOUND:SUBSTRATE:OXYGEN,Oxygen (O2),Entity;Compound,OXYGEN,,,,,,
PATENT:US3135594A,Patent US3135594A: Soil Treatment with 2-Chloro-6-(trichloromethyl)pyridine Nitrification Inhibitor,Entity;Patent,US3135594A,,Google Patents:US3135594A,,,,
PATENT:US3424754A,Patent US3424754A: Process for the Preparation of Trichloromethyl Pyridine Compounds,Entity;Patent,US3424754A,,Google Patents:US3424754A,,,,
PATENT:US7883568B2,Patent US7883568B2: Use of Pyrazole Derivatives as Nitrification Inhibitors in Inorganic Fertilizers,Entity;Patent,US7883568B2,,Google Patents:US7883568B2,,,,
PATENT:WO2011045763A1,"Patent WO2011045763A1: Nitrification Inhibitors Containing 3,4-Dimethylpyrazole Phosphate Formulations",Entity;Patent,WO2011045763A1,,Google Patents:WO2011045763A1,,,,
PATENT:EP0386767B1,Patent EP0386767B1: Process for Inhibiting Nitrification of Ammonium Nitrogen with Dicyandiamide,Entity;Patent,EP0386767B1,,Google Patents:EP0386767B1,,,,
PATENT:US4523940A,Patent US4523940A: Nitrification Inhibitor Composition Comprising Dicyandiamide,Entity;Patent,US4523940A,,Google Patents:US4523940A,,,,
PATENT:US5354726A,"Patent US5354726A: Substituted 1,2,4-Triazole Compounds as Nitrification Inhibitors",Entity;Patent,US5354726A,,Google Patents:US5354726A,,,,
PATENT:WO2020123456A1,Patent WO2020123456A1: Biological Nitrification Inhibitor Compositions Exuded from Sorghum Roots,Entity;Patent,WO2020123456A1,,Google Patents:WO2020123456A1,,,,
PATENT:WO2015098123A1,Patent WO2015098123A1: Brachialactone Compounds and Methods for Suppressing Soil Nitrification,Entity;Patent,WO2015098123A1,,Google Patents:WO2015098123A1,,,,
PUBLICATION:EUROPEPMC:PMC13058606,Ammonia monooxygenase: a work in progress.,Entity;Publication,10.1039/d6sc01048b,,,,,,
PUBLICATION:EUROPEPMC:PMC13056722,Structurally diverse biological nitrification inhibitors display distinct modes of inhibition in ammonia-oxidizing bacteria.,Entity;Publication,10.1093/femsec/fiag032,,,,,,
PUBLICATION:EUROPEPMC:40706639,High-throughput screening assay for nitrification inhibitors and the discovery of goitrin as a biological nitrification inhibitor.,Entity;Publication,10.1016/j.mimet.2025.107201,,,,,,
PUBLICATION:EUROPEPMC:IND609286520,High-throughput screening assay for nitrification inhibitors and the discovery of goitrin as a biological nitrification inhibitor,Entity;Publication,IND609286520,,,,,,
COMPOUND:CHEMBL5898187,22311,Entity;Compound,CHEMBL5898187,,ChEMBL:CHEMBL5898187,CC(C)Oc1ccc(Nc2nc3cc(CC(=O)O)ccc3n2C2C[C@@H](C)CC(C)(C)C2)cc1,C27H35N3O3,449.60,
COMPOUND:CHEMBL1642655,CHEMBL4778541,Entity;Compound,CHEMBL1642655,,ChEMBL:CHEMBL1642655,CC(C)(C)c1ccc(C(=O)Nc2cn3cc(-n4ccnc4)ccc3n2)cc1,C21H21N5O,359.43,
COMPOUND:CHEMBL2205637,CHEMBL4778541,Entity;Compound,CHEMBL2205637,,ChEMBL:CHEMBL2205637,CC(C)(C)c1ccc(C(=O)Nc2cn3cc(-n4ccnc4)ccc3n2)cc1.Cl,C21H22ClN5O,395.89,
COMPOUND:IKKLFEDUYFZNBO-UHFFFAOYSA-N,"4-tert-butyl-N-(6-imidazol-1-ylimidazo[1,2-a]pyridin-2-yl)benzamide;dihydrochloride",Entity;Compound,IKKLFEDUYFZNBO-UHFFFAOYSA-N,,PubChem:68661090|Other:IKKLFEDUYFZNBO-UHFFFAOYSA-N,,C21H23Cl2N5O,432.3,
COMPOUND:CHEMBL1188029,CHEMBL534914,Entity;Compound,CHEMBL1188029,,ChEMBL:CHEMBL1188029,CNc1cnccc1CN,C7H11N3,137.19,
COMPOUND:LYWLGTGNNPSDHF-UHFFFAOYSA-N,4-(aminomethyl)-N-methylpyridin-3-amine,Entity;Compound,LYWLGTGNNPSDHF-UHFFFAOYSA-N,,PubChem:11182637|Other:LYWLGTGNNPSDHF-UHFFFAOYSA-N,,C7H11N3,137.18,
COMPOUND:HMMQZJUGTQTCQX-UHFFFAOYSA-N,4-(aminomethyl)-N-methylpyridin-3-amine;dihydrochloride,Entity;Compound,HMMQZJUGTQTCQX-UHFFFAOYSA-N,,PubChem:11195165|Other:HMMQZJUGTQTCQX-UHFFFAOYSA-N,,C7H13Cl2N3,210.10,
COMPOUND:CHEMBL1187921,CHEMBL534467,Entity;Compound,CHEMBL1187921,,ChEMBL:CHEMBL1187921,CNc1cncc(N(C)C)c1CN,C9H16N4,180.25,
COMPOUND:AWVIXFRXKJBBDX-UHFFFAOYSA-N,"4-(aminomethyl)-3-N,3-N,5-N-trimethylpyridine-3,5-diamine",Entity;Compound,AWVIXFRXKJBBDX-UHFFFAOYSA-N,,PubChem:44387981|Other:AWVIXFRXKJBBDX-UHFFFAOYSA-N,,C9H16N4,180.25,
COMPOUND:NPIWMZMSLNICMI-UHFFFAOYSA-N,"4-(aminomethyl)-3-N,3-N,5-N-trimethylpyridine-3,5-diamine;dihydrochloride",Entity;Compound,NPIWMZMSLNICMI-UHFFFAOYSA-N,,PubChem:45263122|Other:NPIWMZMSLNICMI-UHFFFAOYSA-N,,C9H18Cl2N4,253.17,
COMPOUND:CHEMBL1209499,10742,Entity;Compound,CHEMBL1209499,,ChEMBL:CHEMBL1209499,CCN(CCN)c1cc(C)c(OCC(=O)N[C@@H](Cc2ccccc2)[C@H](O)C(=O)N2CSC(C)(C)[C@H]2C(=O)N[C@H]2c3ccccc3C[C@H]2O)c(C)c1,C39H51N5O6S,717.93,
COMPOUND:CHEMBL1190577,CHEMBL541126,Entity;Compound,CHEMBL1190577,,ChEMBL:CHEMBL1190577,NCc1ccncc1NCC1CCCCC1,C13H21N3,219.33,
COMPOUND:LUSQVPHVQHHDEB-UHFFFAOYSA-N,4-(aminomethyl)-N-(cyclohexylmethyl)pyridin-3-amine,Entity;Compound,LUSQVPHVQHHDEB-UHFFFAOYSA-N,,PubChem:11333471|Other:LUSQVPHVQHHDEB-UHFFFAOYSA-N,,C13H21N3,219.33,
COMPOUND:IZOUMOBLBAFPDB-UHFFFAOYSA-N,4-(aminomethyl)-N-(cyclohexylmethyl)pyridin-3-amine;hydrate;dihydrochloride,Entity;Compound,IZOUMOBLBAFPDB-UHFFFAOYSA-N,,PubChem:45265736|Other:IZOUMOBLBAFPDB-UHFFFAOYSA-N,,C13H25Cl2N3O,310.3,
COMPOUND:CHEMBL6030300,9154,Entity;Compound,CHEMBL6030300,,ChEMBL:CHEMBL6030300,C[C@@]1(c2cc(NC(=O)c3ccc(Cl)cn3)ccc2F)CC2(CC2)OC(N)=N1,C19H18ClFN4O2,388.83,
COMPOUND:CHEMBL1094982,INOSITOL NIACINATE,Entity;Compound,CHEMBL1094982,,ChEMBL:CHEMBL1094982,O=C(O[C@H]1[C@H](OC(=O)c2cccnc2)[C@@H](OC(=O)c2cccnc2)[C@H](OC(=O)c2cccnc2)[C@@H](OC(=O)c2cccnc2)[C@H]1OC(=O)c1cccnc1)c1cccnc1,C42H30N6O12,810.73,
COMPOUND:CHEMBL1188790,CHEMBL537401,Entity;Compound,CHEMBL1188790,,ChEMBL:CHEMBL1188790,CCOc1cncc(OCC)c1CN,C10H16N2O2,196.25,
COMPOUND:BVBAFECUFZTVHF-UHFFFAOYSA-N,"(3,5-diethoxy-4-pyridinyl)methanamine;dihydrochloride",Entity;Compound,BVBAFECUFZTVHF-UHFFFAOYSA-N,,PubChem:10445773|Other:BVBAFECUFZTVHF-UHFFFAOYSA-N,,C10H18Cl2N2O2,269.17,
COMPOUND:DBPIEYLNXRQNRY-UHFFFAOYSA-N,"(3,5-diethoxy-4-pyridinyl)methanamine",Entity;Compound,DBPIEYLNXRQNRY-UHFFFAOYSA-N,,PubChem:10445774|Other:DBPIEYLNXRQNRY-UHFFFAOYSA-N,,C10H16N2O2,196.25,
COMPOUND:QGZKDVFQNNGYKY-BJUDXGSMSA-N,azane,Entity;Compound,QGZKDVFQNNGYKY-BJUDXGSMSA-N,,PubChem:119432|Other:QGZKDVFQNNGYKY-BJUDXGSMSA-N,,H3N,16.030,
COMPOUND:CHEMBL1413910,6844,Entity;Compound,CHEMBL1413910,,ChEMBL:CHEMBL1413910,O=C1C=C(c2ccccc2)OC(=O)C1C(=O)c1ccccc1,C18H12O4,292.29,
COMPOUND:CHEMBL4529078,6844,Entity;Compound,CHEMBL4529078,,ChEMBL:CHEMBL4529078,COc1ccccc1N1CCN(C(=O)CSc2nc3ccccc3n3cnnc23)CC1,C22H22N6O2S,434.53,
TARGET:CHEMBL2157859,Uncharacterized protein,Entity;Target,CHEMBL2157859,,ChEMBL:CHEMBL2157859,,,,
COMPOUND:CHEMBL1933349,Inhibitor/Ligand CHEMBL1933349,Entity;Compound,CHEMBL1933349,,ChEMBL:CHEMBL1933349,,,,IC50=55.5nM (pChEMBL: 7.26)
COMPOUND:CHEMBL1188881,CHEMBL537628,Entity;Compound,CHEMBL1188881,,ChEMBL:CHEMBL1188881,NCc1ccncc1NC1CCCCCC1,C13H21N3,219.33,
COMPOUND:AVFUTMHSYXKZLL-UHFFFAOYSA-N,4-(aminomethyl)-N-cycloheptylpyridin-3-amine,Entity;Compound,AVFUTMHSYXKZLL-UHFFFAOYSA-N,,PubChem:11229730|Other:AVFUTMHSYXKZLL-UHFFFAOYSA-N,,C13H21N3,219.33,
COMPOUND:MJNVPXPGPUYYAL-UHFFFAOYSA-N,4-(aminomethyl)-N-cycloheptylpyridin-3-amine;hydrate;dihydrochloride,Entity;Compound,MJNVPXPGPUYYAL-UHFFFAOYSA-N,,PubChem:45263158|Other:MJNVPXPGPUYYAL-UHFFFAOYSA-N,,C13H25Cl2N3O,310.3,
COMPOUND:CHEMBL1078261,PROPIVERINE,Entity;Compound,CHEMBL1078261,,ChEMBL:CHEMBL1078261,CCCOC(C(=O)OC1CCN(C)CC1)(c1ccccc1)c1ccccc1,C23H29NO3,367.49,
COMPOUND:CHEMBL2104164,CAROXAZONE,Entity;Compound,CHEMBL2104164,,ChEMBL:CHEMBL2104164,NC(=O)CN1Cc2ccccc2OC1=O,C10H10N2O3,206.20,
COMPOUND:CHEMBL4558569,6654,Entity;Compound,CHEMBL4558569,,ChEMBL:CHEMBL4558569,Cc1cccc(C)c1NC(=O)Cn1c(=O)c2nnc(C(C)C)n2c2ccccc21,C22H23N5O2,389.46,
COMPOUND:IFCCPDAHQDGHMH-LWMBPPNESA-N,"(2S,3S)-aziridine-2,3-dicarboxylic acid",Entity;Compound,IFCCPDAHQDGHMH-LWMBPPNESA-N,,PubChem:3080847|Other:IFCCPDAHQDGHMH-LWMBPPNESA-N,,C4H5NO4,131.09,
COMPOUND:CHEMBL1196476,CHEMBL557160,Entity;Compound,CHEMBL1196476,,ChEMBL:CHEMBL1196476,NCc1ccncc1NC1CCCCC1,C12H19N3,205.30,
COMPOUND:WUMRWBDWOMSRCA-UHFFFAOYSA-N,4-(aminomethyl)-N-cyclohexylpyridin-3-amine,Entity;Compound,WUMRWBDWOMSRCA-UHFFFAOYSA-N,,PubChem:11171749|Other:WUMRWBDWOMSRCA-UHFFFAOYSA-N,,C12H19N3,205.30,
COMPOUND:AQWFDUWRTSQUPU-UHFFFAOYSA-N,4-(aminomethyl)-N-cyclohexylpyridin-3-amine;hydrate;dihydrochloride,Entity;Compound,AQWFDUWRTSQUPU-UHFFFAOYSA-N,,PubChem:45263135|Other:AQWFDUWRTSQUPU-UHFFFAOYSA-N,,C12H23Cl2N3O,296.23,
COMPOUND:QGZKDVFQNNGYKY-UHFFFAOYSA-N,azane,Entity;Compound,QGZKDVFQNNGYKY-UHFFFAOYSA-N,,PubChem:222|Other:QGZKDVFQNNGYKY-UHFFFAOYSA-N,,H3N,17.031,
COMPOUND:CHEMBL1188878,CHEMBL537624,Entity;Compound,CHEMBL1188878,,ChEMBL:CHEMBL1188878,CCNc1cnccc1CN,C8H13N3,151.21,
COMPOUND:JHMVQAUVSHUSEU-UHFFFAOYSA-N,4-(aminomethyl)-N-ethylpyridin-3-amine,Entity;Compound,JHMVQAUVSHUSEU-UHFFFAOYSA-N,,PubChem:11321047|Other:JHMVQAUVSHUSEU-UHFFFAOYSA-N,,C8H13N3,151.21,
COMPOUND:XGTDVUIFVUXUQZ-UHFFFAOYSA-N,4-(aminomethyl)-N-ethylpyridin-3-amine;dihydrochloride,Entity;Compound,XGTDVUIFVUXUQZ-UHFFFAOYSA-N,,PubChem:11401824|Other:XGTDVUIFVUXUQZ-UHFFFAOYSA-N,,C8H15Cl2N3,224.13,
COMPOUND:CHEMBL1188791,CHEMBL537402,Entity;Compound,CHEMBL1188791,,ChEMBL:CHEMBL1188791,NCc1ccncc1NC1CCCC1,C11H17N3,191.28,
COMPOUND:YNBSFGYHEBSHMR-UHFFFAOYSA-N,4-(aminomethyl)-N-cyclopentylpyridin-3-amine;dihydrochloride,Entity;Compound,YNBSFGYHEBSHMR-UHFFFAOYSA-N,,PubChem:11184628|Other:YNBSFGYHEBSHMR-UHFFFAOYSA-N,,C11H19Cl2N3,264.19,
COMPOUND:MIDPRZDDHKUBRA-UHFFFAOYSA-N,4-(aminomethyl)-N-cyclopentylpyridin-3-amine,Entity;Compound,MIDPRZDDHKUBRA-UHFFFAOYSA-N,,PubChem:11184629|Other:MIDPRZDDHKUBRA-UHFFFAOYSA-N,,C11H17N3,191.27,
COMPOUND:CHEMBL6070889,CHEMBL5715921,Entity;Compound,CHEMBL6070889,,ChEMBL:CHEMBL6070889,CC(=O)N[C@@H](CC(C)C)C(=O)N[C@@H](CCC(=O)O)C(=O)N[C@@H](Cc1cnc[nH]1)C(=O)N[C@H](C=O)CC(=O)O,C23H34N6O9,538.56,
COMPOUND:VQTZMPRKMMMAQG-YPFLJBJZSA-N,"(4S)-4-[[(2S)-2-acetamido-4-methylpentanoyl]amino]-5-[[(2S)-1-[[(2S)-1-carboxy-3-oxopropan-2-yl]amino]-3-(1H-imidazol-5-yl)-1-oxopropan-2-yl]amino]-5-oxopentanoic acid;2,2,2-trifluoroacetic acid",Entity;Compound,VQTZMPRKMMMAQG-YPFLJBJZSA-N,,PubChem:145707555|Other:VQTZMPRKMMMAQG-YPFLJBJZSA-N,,C25H35F3N6O11,652.6,
COMPOUND:CHEMBL1188708,CHEMBL537174,Entity;Compound,CHEMBL1188708,,ChEMBL:CHEMBL1188708,NCc1ccncc1NC1CC1,C9H13N3,163.22,
COMPOUND:IMTWKNKKBOBKPK-UHFFFAOYSA-N,4-(aminomethyl)-N-cyclopropylpyridin-3-amine,Entity;Compound,IMTWKNKKBOBKPK-UHFFFAOYSA-N,,PubChem:11263687|Other:IMTWKNKKBOBKPK-UHFFFAOYSA-N,,C9H13N3,163.22,
COMPOUND:CLXKAAFBNPIBAC-UHFFFAOYSA-N,4-(aminomethyl)-N-cyclopropylpyridin-3-amine;hydrate;dihydrochloride,Entity;Compound,CLXKAAFBNPIBAC-UHFFFAOYSA-N,,PubChem:45263117|Other:CLXKAAFBNPIBAC-UHFFFAOYSA-N,,C9H17Cl2N3O,254.15,
COMPOUND:CHEMBL1256578,HISTIDINE MONOHYDROCHLORIDE,Entity;Compound,CHEMBL1256578,,ChEMBL:CHEMBL1256578,Cl.N[C@@H](Cc1cnc[nH]1)C(=O)O,C6H10ClN3O2,191.62,
COMPOUND:HNDVDQJCIGZPNO-YFKPBYRVSA-N,(2S)-2-amino-3-(1H-imidazol-5-yl)propanoic acid,Entity;Compound,HNDVDQJCIGZPNO-YFKPBYRVSA-N,,PubChem:6274|Other:HNDVDQJCIGZPNO-YFKPBYRVSA-N,,C6H9N3O2,155.15,
COMPOUND:CHEMBL3360203,PILARALISIB,Entity;Compound,CHEMBL3360203,,ChEMBL:CHEMBL3360203,COc1ccc(Cl)c(Nc2nc3ccccc3nc2NS(=O)(=O)c2cccc(NC(=O)C(C)(C)N)c2)c1,C25H25ClN6O4S,541.03,
COMPOUND:CHEMBL461101,ELTROMBOPAG,Entity;Compound,CHEMBL461101,,ChEMBL:CHEMBL461101,CC1=NN(c2ccc(C)c(C)c2)C(=O)/C1=N\Nc1cccc(-c2cccc(C(=O)O)c2)c1O,C25H22N4O4,442.48,
COMPOUND:CHEMBL601397,5338,Entity;Compound,CHEMBL601397,,ChEMBL:CHEMBL601397,O=C1C2=C(Nc3ccccc3SC2c2ccc(OCc3ccccc3)cc2)c2ccccc21,C29H21NO2S,447.56,
COMPOUND:CHEMBL237694,5338,Entity;Compound,CHEMBL237694,,ChEMBL:CHEMBL237694,NCCCCCN(Cc1ccc2c(c1)OCO2)C(=O)CCCc1c[nH]c2ccccc12,C25H31N3O3,421.54,
COMPOUND:CHEMBL1950857,5338,Entity;Compound,CHEMBL1950857,,ChEMBL:CHEMBL1950857,CN[C@@H](C)C(=O)N[C@H](C(=O)N[C@H]1CCCN(CCc2ccc(C)cc2)C1)C(C)(C)C,C24H40N4O2,416.61,
COMPOUND:CHEMBL4552880,5338,Entity;Compound,CHEMBL4552880,,ChEMBL:CHEMBL4552880,COc1ccc(NC(=O)Cn2nc3ccc(-c4ccccc4)nn3c2=O)cc1,C20H17N5O3,375.39,
TARGET:CHEMBL5291976,LuxP/Q,Entity;Target,CHEMBL5291976,,ChEMBL:CHEMBL5291976,,,,
COMPOUND:CHEMBL1824168,Inhibitor/Ligand CHEMBL1824168,Entity;Compound,CHEMBL1824168,,ChEMBL:CHEMBL1824168,,,,IC50=9000.0nM (pChEMBL: 5.05)
COMPOUND:CHEMBL1824169,Inhibitor/Ligand CHEMBL1824169,Entity;Compound,CHEMBL1824169,,ChEMBL:CHEMBL1824169,,,,IC50=5000.0nM (pChEMBL: 5.30)
COMPOUND:CHEMBL1824170,Inhibitor/Ligand CHEMBL1824170,Entity;Compound,CHEMBL1824170,,ChEMBL:CHEMBL1824170,,,,IC50=4000.0nM (pChEMBL: 5.40)
COMPOUND:CHEMBL1824171,Inhibitor/Ligand CHEMBL1824171,Entity;Compound,CHEMBL1824171,,ChEMBL:CHEMBL1824171,,,,IC50=4000.0nM (pChEMBL: 5.40)
COMPOUND:CHEMBL500339,Inhibitor/Ligand CHEMBL500339,Entity;Compound,CHEMBL500339,,ChEMBL:CHEMBL500339,,,,IC50=6000.0nM (pChEMBL: 5.22)
COMPOUND:CHEMBL5273954,Inhibitor/Ligand CHEMBL5273954,Entity;Compound,CHEMBL5273954,,ChEMBL:CHEMBL5273954,,,,Inhibition=80.0% (pChEMBL: None)
COMPOUND:CHEMBL5280333,Inhibitor/Ligand CHEMBL5280333,Entity;Compound,CHEMBL5280333,,ChEMBL:CHEMBL5280333,,,,Inhibition=20.0% (pChEMBL: None)
COMPOUND:CHEMBL5288808,Inhibitor/Ligand CHEMBL5288808,Entity;Compound,CHEMBL5288808,,ChEMBL:CHEMBL5288808,,,,Inhibition=20.0% (pChEMBL: None)
COMPOUND:CHEMBL5289148,Inhibitor/Ligand CHEMBL5289148,Entity;Compound,CHEMBL5289148,,ChEMBL:CHEMBL5289148,,,,Inhibition=40.0% (pChEMBL: None)
COMPOUND:CHEMBL1824159,Inhibitor/Ligand CHEMBL1824159,Entity;Compound,CHEMBL1824159,,ChEMBL:CHEMBL1824159,,,,Inhibition=60.0% (pChEMBL: None)
TARGET:CHEMBL3153,"Enoyl-CoA hydratase, mitochondrial",Entity;Target,CHEMBL3153,,ChEMBL:CHEMBL3153,,,,
COMPOUND:CHEMBL64929,Inhibitor/Ligand CHEMBL64929,Entity;Compound,CHEMBL64929,,ChEMBL:CHEMBL64929,,,,Activity=3.5uM min-1 mg-1 (pChEMBL: None)
COMPOUND:CHEMBL66468,Inhibitor/Ligand CHEMBL66468,Entity;Compound,CHEMBL66468,,ChEMBL:CHEMBL66468,,,,Activity=7.5uM min-1 mg-1 (pChEMBL: None)
COMPOUND:CHEMBL66952,Inhibitor/Ligand CHEMBL66952,Entity;Compound,CHEMBL66952,,ChEMBL:CHEMBL66952,,,,Activity=5.0uM min-1 mg-1 (pChEMBL: None)
COMPOUND:CHEMBL63829,Inhibitor/Ligand CHEMBL63829,Entity;Compound,CHEMBL63829,,ChEMBL:CHEMBL63829,,,,Activity=31.0uM min-1 mg-1 (pChEMBL: None)
COMPOUND:CHEMBL64264,Inhibitor/Ligand CHEMBL64264,Entity;Compound,CHEMBL64264,,ChEMBL:CHEMBL64264,,,,Activity=14.0uM min-1 mg-1 (pChEMBL: None)
COMPOUND:CHEMBL2114023,Inhibitor/Ligand CHEMBL2114023,Entity;Compound,CHEMBL2114023,,ChEMBL:CHEMBL2114023,,,,Activity=10.5uM min-1 mg-1 (pChEMBL: None)
COMPOUND:CHEMBL64930,Inhibitor/Ligand CHEMBL64930,Entity;Compound,CHEMBL64930,,ChEMBL:CHEMBL64930,,,,Activity=18.6uM min-1 mg-1 (pChEMBL: None)
COMPOUND:CHEMBL291349,Inhibitor/Ligand CHEMBL291349,Entity;Compound,CHEMBL291349,,ChEMBL:CHEMBL291349,,,,Activity (umol/mg.of protein. min)=0.59% (pChEMBL: None)
COMPOUND:CHEMBL64960,Inhibitor/Ligand CHEMBL64960,Entity;Compound,CHEMBL64960,,ChEMBL:CHEMBL64960,,,,Activity=16.3uM min-1 mg-1 (pChEMBL: None)
COMPOUND:CHEMBL65975,Inhibitor/Ligand CHEMBL65975,Entity;Compound,CHEMBL65975,,ChEMBL:CHEMBL65975,,,,Activity=17.5uM min-1 mg-1 (pChEMBL: None)
COMPOUND:CHEMBL62652,Inhibitor/Ligand CHEMBL62652,Entity;Compound,CHEMBL62652,,ChEMBL:CHEMBL62652,,,,Activity=12.0uM min-1 mg-1 (pChEMBL: None)
COMPOUND:CHEMBL3350279,Inhibitor/Ligand CHEMBL3350279,Entity;Compound,CHEMBL3350279,,ChEMBL:CHEMBL3350279,,,,Activity=4.5uM min-1 mg-1 (pChEMBL: None)
TARGET:CHEMBL4523211,"Enoyl-CoA hydratase, mitochondrial",Entity;Target,CHEMBL4523211,,ChEMBL:CHEMBL4523211,,,,
COMPOUND:CHEMBL4462318,Inhibitor/Ligand CHEMBL4462318,Entity;Compound,CHEMBL4462318,,ChEMBL:CHEMBL4462318,,,,Kd=9237.0nM (pChEMBL: 5.03)
COMPOUND:CHEMBL5653589,Inhibitor/Ligand CHEMBL5653589,Entity;Compound,CHEMBL5653589,,ChEMBL:CHEMBL5653589,,,,Kd=180.79nM (pChEMBL: 6.74)
COMPOUND:CHEMBL1188626,CHEMBL536949,Entity;Compound,CHEMBL1188626,,ChEMBL:CHEMBL1188626,CNc1ccccc1CN,C8H12N2,136.20,
COMPOUND:UCXUQHNEOWZPFT-UHFFFAOYSA-N,2-(aminomethyl)-N-methylaniline,Entity;Compound,UCXUQHNEOWZPFT-UHFFFAOYSA-N,,PubChem:12655267|Other:UCXUQHNEOWZPFT-UHFFFAOYSA-N,,C8H12N2,136.19,
COMPOUND:YEIAUZWEWLKKEP-UHFFFAOYSA-N,2-(aminomethyl)-N-methylaniline;dihydrochloride,Entity;Compound,YEIAUZWEWLKKEP-UHFFFAOYSA-N,,PubChem:45263116|Other:YEIAUZWEWLKKEP-UHFFFAOYSA-N,,C8H14Cl2N2,209.11,
COMPOUND:ACSLYMUBHGQOHG-UHFFFAOYSA-N,2-amino-3-(5-nitro-1H-imidazol-4-yl)propanoic acid,Entity;Compound,ACSLYMUBHGQOHG-UHFFFAOYSA-N,,PubChem:135400177|Other:ACSLYMUBHGQOHG-UHFFFAOYSA-N,,C6H8N4O4,200.15,
COMPOUND:QZNNVYOVQUKYSC-JEDNCBNOSA-N,(2S)-2-amino-3-(1H-imidazol-5-yl)propanoic acid;hydrochloride,Entity;Compound,QZNNVYOVQUKYSC-JEDNCBNOSA-N,,PubChem:66091|Other:QZNNVYOVQUKYSC-JEDNCBNOSA-N,,C6H10ClN3O2,191.61,
TARGET:CHEMBL1075103,"ATP synthase subunit beta, mitochondrial",Entity;Target,CHEMBL1075103,,ChEMBL:CHEMBL1075103,,,,
COMPOUND:CHEMBL1077464,Inhibitor/Ligand CHEMBL1077464,Entity;Compound,CHEMBL1077464,,ChEMBL:CHEMBL1077464,,,,IC50=700.0nM (pChEMBL: 6.16)
COMPOUND:CHEMBL1077465,Inhibitor/Ligand CHEMBL1077465,Entity;Compound,CHEMBL1077465,,ChEMBL:CHEMBL1077465,,,,IC50=300.0nM (pChEMBL: 6.52)
COMPOUND:CHEMBL1077466,Inhibitor/Ligand CHEMBL1077466,Entity;Compound,CHEMBL1077466,,ChEMBL:CHEMBL1077466,,,,IC50=400.0nM (pChEMBL: 6.40)
COMPOUND:CHEMBL1077467,Inhibitor/Ligand CHEMBL1077467,Entity;Compound,CHEMBL1077467,,ChEMBL:CHEMBL1077467,,,,IC50=800.0nM (pChEMBL: 6.10)
COMPOUND:CHEMBL1078488,Inhibitor/Ligand CHEMBL1078488,Entity;Compound,CHEMBL1078488,,ChEMBL:CHEMBL1078488,,,,IC50=800.0nM (pChEMBL: 6.10)
COMPOUND:CHEMBL1077482,Inhibitor/Ligand CHEMBL1077482,Entity;Compound,CHEMBL1077482,,ChEMBL:CHEMBL1077482,,,,IC50=400.0nM (pChEMBL: 6.40)
COMPOUND:CHEMBL1077490,Inhibitor/Ligand CHEMBL1077490,Entity;Compound,CHEMBL1077490,,ChEMBL:CHEMBL1077490,,,,IC50=1100.0nM (pChEMBL: 5.96)
COMPOUND:CHEMBL1077491,Inhibitor/Ligand CHEMBL1077491,Entity;Compound,CHEMBL1077491,,ChEMBL:CHEMBL1077491,,,,IC50=2800.0nM (pChEMBL: 5.55)
COMPOUND:CHEMBL1077479,Inhibitor/Ligand CHEMBL1077479,Entity;Compound,CHEMBL1077479,,ChEMBL:CHEMBL1077479,,,,IC50=17000.0nM (pChEMBL: 4.77)
TARGET:CHEMBL4105938,Carboxylic ester hydrolase,Entity;Target,CHEMBL4105938,,ChEMBL:CHEMBL4105938,,,,
COMPOUND:CHEMBL1085857,Inhibitor/Ligand CHEMBL1085857,Entity;Compound,CHEMBL1085857,,ChEMBL:CHEMBL1085857,,,,Activity=NoneNone (pChEMBL: None)
TARGET:CHEMBL1907,Aminopeptidase N,Entity;Target,CHEMBL1907,,ChEMBL:CHEMBL1907,,,,
COMPOUND:CHEMBL90430,Inhibitor/Ligand CHEMBL90430,Entity;Compound,CHEMBL90430,,ChEMBL:CHEMBL90430,,,,IC50=28000.0nM (pChEMBL: 4.55)
COMPOUND:CHEMBL287968,Inhibitor/Ligand CHEMBL287968,Entity;Compound,CHEMBL287968,,ChEMBL:CHEMBL287968,,,,IC50=1000000.0nM (pChEMBL: None)
COMPOUND:CHEMBL290238,Inhibitor/Ligand CHEMBL290238,Entity;Compound,CHEMBL290238,,ChEMBL:CHEMBL290238,,,,IC50=783000.0nM (pChEMBL: None)
COMPOUND:CHEMBL37281,Inhibitor/Ligand CHEMBL37281,Entity;Compound,CHEMBL37281,,ChEMBL:CHEMBL37281,,,,IC50=3400.0nM (pChEMBL: 5.47)
COMPOUND:CHEMBL35627,Inhibitor/Ligand CHEMBL35627,Entity;Compound,CHEMBL35627,,ChEMBL:CHEMBL35627,,,,IC50=3800.0nM (pChEMBL: 5.42)
COMPOUND:CHEMBL36081,Inhibitor/Ligand CHEMBL36081,Entity;Compound,CHEMBL36081,,ChEMBL:CHEMBL36081,,,,IC50=5000.0nM (pChEMBL: 5.30)
COMPOUND:CHEMBL2372318,Inhibitor/Ligand CHEMBL2372318,Entity;Compound,CHEMBL2372318,,ChEMBL:CHEMBL2372318,,,,IC50=793000.0nM (pChEMBL: None)
COMPOUND:CHEMBL29292,Inhibitor/Ligand CHEMBL29292,Entity;Compound,CHEMBL29292,,ChEMBL:CHEMBL29292,,,,IC50=2700.0nM (pChEMBL: 5.57)
COMPOUND:CHEMBL35092,Inhibitor/Ligand CHEMBL35092,Entity;Compound,CHEMBL35092,,ChEMBL:CHEMBL35092,,,,IC50=2900.0nM (pChEMBL: 5.54)
COMPOUND:CHEMBL419873,Inhibitor/Ligand CHEMBL419873,Entity;Compound,CHEMBL419873,,ChEMBL:CHEMBL419873,,,,IC50=NonenM (pChEMBL: None)
COMPOUND:CHEMBL35660,Inhibitor/Ligand CHEMBL35660,Entity;Compound,CHEMBL35660,,ChEMBL:CHEMBL35660,,,,IC50=1000000.0nM (pChEMBL: None)
COMPOUND:CHEMBL288458,Inhibitor/Ligand CHEMBL288458,Entity;Compound,CHEMBL288458,,ChEMBL:CHEMBL288458,,,,IC50=2400.0nM (pChEMBL: 5.62)
COMPOUND:CHEMBL34777,Inhibitor/Ligand CHEMBL34777,Entity;Compound,CHEMBL34777,,ChEMBL:CHEMBL34777,,,,IC50=146000.0nM (pChEMBL: None)
COMPOUND:CHEMBL289761,Inhibitor/Ligand CHEMBL289761,Entity;Compound,CHEMBL289761,,ChEMBL:CHEMBL289761,,,,IC50=1000000.0nM (pChEMBL: None)
GENE:NCBI:147035606,NCBI Gene 147035606,Entity;Gene,147035606,,NCBI Gene:147035606,,,,
GENE:NCBI:147035486,NCBI Gene 147035486,Entity;Gene,147035486,,NCBI Gene:147035486,,,,
GENE:NCBI:147035448,NCBI Gene 147035448,Entity;Gene,147035448,,NCBI Gene:147035448,,,,
COMPOUND:DMJHEIDWSIAXCS-UHFFFAOYSA-N,(4-phenylmethoxyphenyl)boronic acid,Entity;Compound,DMJHEIDWSIAXCS-UHFFFAOYSA-N,,PubChem:2734314|Other:DMJHEIDWSIAXCS-UHFFFAOYSA-N,,C13H13BO3,228.05,
COMPOUND:CHEMBL45455,IKKLFEDUYFZNBO-UHFFFAOYSA-N,Entity;Compound,CHEMBL45455,,ChEMBL:CHEMBL45455,COc1cc(CC/N=C(\S)NCCc2ccccc2)ccc1O,C18H22N2O2S,330.45,
COMPOUND:CHEMBL306098,IKKLFEDUYFZNBO-UHFFFAOYSA-N,Entity;Compound,CHEMBL306098,,ChEMBL:CHEMBL306098,CCCc1nc(-c2cccnc2)cn2c(C(Cc3cccnc3)C(=O)NC(CC3CCCCC3)C(O)CC(C(=O)N3CCOCC3)C(C)C)nnc12,C40H54N8O4,710.92,
COMPOUND:CHEMBL315271,IKKLFEDUYFZNBO-UHFFFAOYSA-N,Entity;Compound,CHEMBL315271,,ChEMBL:CHEMBL315271,Oc1ccc2c(c1)S[C@H](CC1CCCC1)[C@H](c1ccc(OCCN3CCCCC3)cc1)O2,C27H35NO3S,453.65,
COMPOUND:CHEMBL349269,IKKLFEDUYFZNBO-UHFFFAOYSA-N,Entity;Compound,CHEMBL349269,,ChEMBL:CHEMBL349269,C=C(C)CN1Cc2cccc3nc(O)n(c23)CC1CCC,C17H23N3O,285.39,
PATENT:AU-2016323468-A1,Patent AU-2016323468-A1 (Patented Nitrification Molecule),Entity;Patent,AU-2016323468-A1,,Google Patents:AU-2016323468-A1,,,,
PATENT:AU-2017270221-A1,Patent AU-2017270221-A1 (Patented Nitrification Molecule),Entity;Patent,AU-2017270221-A1,,Google Patents:AU-2017270221-A1,,,,
PATENT:CA-2998509-A1,Patent CA-2998509-A1 (Patented Nitrification Molecule),Entity;Patent,CA-2998509-A1,,Google Patents:CA-2998509-A1,,,,
PATENT:CA-3025007-A1,Patent CA-3025007-A1 (Patented Nitrification Molecule),Entity;Patent,CA-3025007-A1,,Google Patents:CA-3025007-A1,,,,
PATENT:CN-109843298-A,Patent CN-109843298-A (Patented Nitrification Molecule),Entity;Patent,CN-109843298-A,,Google Patents:CN-109843298-A,,,,
COMPOUND:QINPEPAQOBZPOF-UHFFFAOYSA-N,2-amino-N-[3-[[3-(2-chloro-5-methoxyanilino)quinoxalin-2-yl]sulfamoyl]phenyl]-2-methylpropanamide,Entity;Compound,QINPEPAQOBZPOF-UHFFFAOYSA-N,,PubChem:56599306|Other:QINPEPAQOBZPOF-UHFFFAOYSA-N,,C25H25ClN6O4S,541.0,
COMPOUND:HYSMCRNFENOHJH-UHFFFAOYSA-N,"3,3,14,14-tetramethylhexadecanedioic acid",Entity;Compound,HYSMCRNFENOHJH-UHFFFAOYSA-N,,PubChem:121871|Other:HYSMCRNFENOHJH-UHFFFAOYSA-N,,C20H38O4,342.5,
COMPOUND:CHEMBL2159354,CHEMBL1933349,Entity;Compound,CHEMBL2159354,,ChEMBL:CHEMBL2159354,[3H]c1c(-c2cc(Cl)cc(Cl)c2)nn([C@@H](C)c2ccc(C(=O)NCCC(=O)O)cc2)c1-c1ccc2c([3H])c(OC)ccc2c1,C32H27Cl2N3O4,592.51,
COMPOUND:DNTVJEMGHBIUMW-IBGZPJMESA-N,"3-[[4-[(1S)-1-[3-(3,5-dichlorophenyl)-5-(6-methoxynaphthalen-2-yl)pyrazol-1-yl]ethyl]benzoyl]amino]propanoic acid",Entity;Compound,DNTVJEMGHBIUMW-IBGZPJMESA-N,,PubChem:11570626|Other:DNTVJEMGHBIUMW-IBGZPJMESA-N,,C32H27Cl2N3O4,588.5,
COMPOUND:MDPOYQZCXPBZJP-SFECMWDFSA-N,"(Z)-6-[4-[(Z)-5-carboxy-4,4-dimethylpent-1-enyl]phenyl]-3,3-dimethylhex-5-enoic acid",Entity;Compound,MDPOYQZCXPBZJP-SFECMWDFSA-N,,PubChem:14614352|Other:MDPOYQZCXPBZJP-SFECMWDFSA-N,,C22H30O4,358.5,
COMPOUND:KCBYGHZJZXZHQZ-UHFFFAOYSA-N,"N-(5-aminopentyl)-N-(1,3-benzodioxol-5-ylmethyl)-4-(1H-indol-3-yl)butanamide",Entity;Compound,KCBYGHZJZXZHQZ-UHFFFAOYSA-N,,PubChem:10159196|Other:KCBYGHZJZXZHQZ-UHFFFAOYSA-N,,C25H31N3O3,421.5,
COMPOUND:SDGMUWHPAOSSST-SESVDKBCSA-N,"(2S)-3,3-dimethyl-2-[[(2S)-2-(methylamino)propanoyl]amino]-N-[(3S)-1-[2-(4-methylphenyl)ethyl]piperidin-3-yl]butanamide",Entity;Compound,SDGMUWHPAOSSST-SESVDKBCSA-N,,PubChem:57399438|Other:SDGMUWHPAOSSST-SESVDKBCSA-N,,C24H40N4O2,416.6,
COMPOUND:SRJWQXGYTPCQBI-UHFFFAOYSA-N,"3,3,12,12-tetramethyltetradecanedioic acid",Entity;Compound,SRJWQXGYTPCQBI-UHFFFAOYSA-N,,PubChem:14614313|Other:SRJWQXGYTPCQBI-UHFFFAOYSA-N,,C18H34O4,314.5,
PATENT:US-20020065248-A1,Patent US-20020065248-A1 (Patented Nitrification Molecule),Entity;Patent,US-20020065248-A1,,Google Patents:US-20020065248-A1,,,,
PATENT:EP-0787010-A1,Patent EP-0787010-A1 (Patented Nitrification Molecule),Entity;Patent,EP-0787010-A1,,Google Patents:EP-0787010-A1,,,,
PATENT:WO-9612499-A1,Patent WO-9612499-A1 (Patented Nitrification Molecule),Entity;Patent,WO-9612499-A1,,Google Patents:WO-9612499-A1,,,,
PATENT:WO-1996012499-A1,Patent WO-1996012499-A1 (Patented Nitrification Molecule),Entity;Patent,WO-1996012499-A1,,Google Patents:WO-1996012499-A1,,,,
PATENT:US5658885,Patent US5658885 (Patented Nitrification Molecule),Entity;Patent,US5658885,,Google Patents:US5658885,,,,
COMPOUND:HCMCGCRMRREZCS-UHFFFAOYSA-N,"N-(4-methoxyphenyl)-2-(3-oxo-6-phenyl-[1,2,4]triazolo[4,3-b]pyridazin-2-yl)acetamide",Entity;Compound,HCMCGCRMRREZCS-UHFFFAOYSA-N,,PubChem:49662982|Other:HCMCGCRMRREZCS-UHFFFAOYSA-N,,C20H17N5O3,375.4,
PATENT:AU-2001249870-A1,Patent AU-2001249870-A1 (Patented Nitrification Molecule),Entity;Patent,AU-2001249870-A1,,Google Patents:AU-2001249870-A1,,,,
PATENT:AU-2001251315-A1,Patent AU-2001251315-A1 (Patented Nitrification Molecule),Entity;Patent,AU-2001251315-A1,,Google Patents:AU-2001251315-A1,,,,
PATENT:AU-2001253363-A1,Patent AU-2001253363-A1 (Patented Nitrification Molecule),Entity;Patent,AU-2001253363-A1,,Google Patents:AU-2001253363-A1,,,,
PATENT:AU-2003226408-A1,Patent AU-2003226408-A1 (Patented Nitrification Molecule),Entity;Patent,AU-2003226408-A1,,Google Patents:AU-2003226408-A1,,,,
PATENT:AU-2003226408-B2,Patent AU-2003226408-B2 (Patented Nitrification Molecule),Entity;Patent,AU-2003226408-B2,,Google Patents:AU-2003226408-B2,,,,
COMPOUND:RQKGSIGQBVSOAD-UHFFFAOYSA-N,"3,3,18,18-tetramethylicosanedioic acid",Entity;Compound,RQKGSIGQBVSOAD-UHFFFAOYSA-N,,PubChem:14614316|Other:RQKGSIGQBVSOAD-UHFFFAOYSA-N,,C24H46O4,398.6,
TARGET:CHEMBL6100,Autoinducer 2-binding periplasmic protein LuxP,Entity;Target,CHEMBL6100,,ChEMBL:CHEMBL6100,,,,
COMPOUND:CHEMBL307145,Inhibitor/Ligand CHEMBL307145,Entity;Compound,CHEMBL307145,,ChEMBL:CHEMBL307145,,,,IC50=2000.0nM (pChEMBL: 5.70)
COMPOUND:CHEMBL310798,Inhibitor/Ligand CHEMBL310798,Entity;Compound,CHEMBL310798,,ChEMBL:CHEMBL310798,,,,IC50=3000.0nM (pChEMBL: 5.52)
COMPOUND:CHEMBL288114,Inhibitor/Ligand CHEMBL288114,Entity;Compound,CHEMBL288114,,ChEMBL:CHEMBL288114,,,,IC50=50000.0nM (pChEMBL: 4.30)
COMPOUND:CHEMBL1527,Inhibitor/Ligand CHEMBL1527,Entity;Compound,CHEMBL1527,,ChEMBL:CHEMBL1527,,,,IC50=4000.0nM (pChEMBL: 5.40)
COMPOUND:CHEMBL535194,Inhibitor/Ligand CHEMBL535194,Entity;Compound,CHEMBL535194,,ChEMBL:CHEMBL535194,,,,IC50=22000.0nM (pChEMBL: 4.66)
COMPOUND:CHEMBL254710,Inhibitor/Ligand CHEMBL254710,Entity;Compound,CHEMBL254710,,ChEMBL:CHEMBL254710,,,,IC50=12000.0nM (pChEMBL: 4.92)
COMPOUND:CHEMBL220779,Inhibitor/Ligand CHEMBL220779,Entity;Compound,CHEMBL220779,,ChEMBL:CHEMBL220779,,,,IC50=61000.0nM (pChEMBL: 4.21)
COMPOUND:CHEMBL400737,Inhibitor/Ligand CHEMBL400737,Entity;Compound,CHEMBL400737,,ChEMBL:CHEMBL400737,,,,IC50=3000.0nM (pChEMBL: 5.52)
COMPOUND:CHEMBL254077,Inhibitor/Ligand CHEMBL254077,Entity;Compound,CHEMBL254077,,ChEMBL:CHEMBL254077,,,,IC50=4000.0nM (pChEMBL: 5.40)
COMPOUND:CHEMBL244948,Inhibitor/Ligand CHEMBL244948,Entity;Compound,CHEMBL244948,,ChEMBL:CHEMBL244948,,,,IC50=12000.0nM (pChEMBL: 4.92)
COMPOUND:CHEMBL242540,Inhibitor/Ligand CHEMBL242540,Entity;Compound,CHEMBL242540,,ChEMBL:CHEMBL242540,,,,IC50=21000.0nM (pChEMBL: 4.68)
COMPOUND:CHEMBL280998,Inhibitor/Ligand CHEMBL280998,Entity;Compound,CHEMBL280998,,ChEMBL:CHEMBL280998,,,,IC50=59000.0nM (pChEMBL: 4.23)
COMPOUND:CHEMBL193493,Inhibitor/Ligand CHEMBL193493,Entity;Compound,CHEMBL193493,,ChEMBL:CHEMBL193493,,,,EC50=150.0nM (pChEMBL: 6.82)
COMPOUND:CHEMBL560745,Inhibitor/Ligand CHEMBL560745,Entity;Compound,CHEMBL560745,,ChEMBL:CHEMBL560745,,,,EC50=580.0nM (pChEMBL: 6.24)
COMPOUND:CHEMBL539221,Inhibitor/Ligand CHEMBL539221,Entity;Compound,CHEMBL539221,,ChEMBL:CHEMBL539221,,,,EC50=750.0nM (pChEMBL: 6.12)
COMPOUND:PRZOLWGBDVBQDZ-SFHVURJKSA-N,N-[3-[(7S)-5-amino-7-methyl-4-oxa-6-azaspiro[2.5]oct-5-en-7-yl]-4-fluorophenyl]-5-chloropyridine-2-carboxamide,Entity;Compound,PRZOLWGBDVBQDZ-SFHVURJKSA-N,,PubChem:89809684|Other:PRZOLWGBDVBQDZ-SFHVURJKSA-N,,C19H18ClFN4O2,388.8,
COMPOUND:YNXAXURVWNMSMN-UHFFFAOYSA-N,"N-(2,6-dimethylphenyl)-2-(4-oxo-1-propan-2-yl-[1,2,4]triazolo[4,3-a]quinoxalin-5-yl)acetamide",Entity;Compound,YNXAXURVWNMSMN-UHFFFAOYSA-N,,PubChem:53061634|Other:YNXAXURVWNMSMN-UHFFFAOYSA-N,,C22H23N5O2,389.4,
COMPOUND:MWKSRKSEWLRPBL-UHFFFAOYSA-N,"4-methyl-3-[(2-methyl-6-pyridin-3-ylpyrazolo[3,4-d]pyrimidin-4-yl)amino]-N-[3-(trifluoromethyl)phenyl]benzamide",Entity;Compound,MWKSRKSEWLRPBL-UHFFFAOYSA-N,,PubChem:117602383|Other:MWKSRKSEWLRPBL-UHFFFAOYSA-N,,C26H20F3N7O,503.5,
COMPOUND:FTJRJTJIASQURO-GEPFMOHWSA-N,"N-[[(2S,3S,4R,5R)-5-(6-aminopurin-9-yl)-4-hydroxy-2-(hydroxymethyl)oxolan-3-yl]methyl]-3-(4-methoxyphenyl)propanamide",Entity;Compound,FTJRJTJIASQURO-GEPFMOHWSA-N,,PubChem:171351402|Other:FTJRJTJIASQURO-GEPFMOHWSA-N,,C21H26N6O5,442.5,
COMPOUND:CHEMBL3634562,CHEMBL288114,Entity;Compound,CHEMBL3634562,,ChEMBL:CHEMBL3634562,O.O=C(O)c1cc(O)c(O)c(O)c1,C7H8O6,188.13,
COMPOUND:LNTHITQWFMADLM-UHFFFAOYSA-N,"3,4,5-trihydroxybenzoic acid",Entity;Compound,LNTHITQWFMADLM-UHFFFAOYSA-N,,PubChem:370|Other:LNTHITQWFMADLM-UHFFFAOYSA-N,,C7H6O5,170.12,
PATENT:AU-2003234625-A1,Patent AU-2003234625-A1 (Patented Nitrification Molecule),Entity;Patent,AU-2003234625-A1,,Google Patents:AU-2003234625-A1,,,,
PATENT:AU-2003248810-B2,Patent AU-2003248810-B2 (Patented Nitrification Molecule),Entity;Patent,AU-2003248810-B2,,Google Patents:AU-2003248810-B2,,,,
PATENT:AU-2003255937-A1,Patent AU-2003255937-A1 (Patented Nitrification Molecule),Entity;Patent,AU-2003255937-A1,,Google Patents:AU-2003255937-A1,,,,
PATENT:AU-2003265267-A1,Patent AU-2003265267-A1 (Patented Nitrification Molecule),Entity;Patent,AU-2003265267-A1,,Google Patents:AU-2003265267-A1,,,,
PATENT:AU-2004284932-A1,Patent AU-2004284932-A1 (Patented Nitrification Molecule),Entity;Patent,AU-2004284932-A1,,Google Patents:AU-2004284932-A1,,,,
COMPOUND:ATEFPOUAMCWAQS-UHFFFAOYSA-N,"7,8-dihydroxychromen-2-one",Entity;Compound,ATEFPOUAMCWAQS-UHFFFAOYSA-N,,PubChem:5280569|Other:ATEFPOUAMCWAQS-UHFFFAOYSA-N,,C9H6O4,178.14,
COMPOUND:FSRAYEPFCGIWHD-LRSZOYCWSA-N,"[(2R,3R,4R,6S)-6-[(2S,3S,4S,6R)-6-[(2R)-1-[(3R,4S,5R,6R)-6-[(R)-[(4E,6E,8E,10R,11R,12E,14E,18S,19S)-11-[(2R,3S,4S,5R,6S)-3,4-dihydroxy-5-methoxy-6-methyloxan-2-yl]oxy-18-hydroxy-19-methoxy-4,6,8,10,14-pentamethyl-3-oxocycloicosa-4,6,8,12,14-pentaen-1-yl]-hydroxymethyl]-4,6-dihydroxy-3,5-dimethyloxan-2-yl]-3-methoxypropan-2-yl]oxy-4-hydroxy-2,4-dimethyloxan-3-yl]oxy-4-methoxy-2-methyloxan-3-yl] acetate",Entity;Compound,FSRAYEPFCGIWHD-LRSZOYCWSA-N,,PubChem:46882481|Other:FSRAYEPFCGIWHD-LRSZOYCWSA-N,,C61H100O21,1169.4,
COMPOUND:CHEMBL1945528,CN-109843298-A,Entity;Compound,CHEMBL1945528,,ChEMBL:CHEMBL1945528,Cc1cn([C@H]2C[C@H](OP(=O)(O)OC[C@H]3O[C@@H](n4ccc(N)nc4=O)C[C@@H]3OP(=O)(O)OC[C@H]3O[C@@H](n4cnc5c(N)ncnc54)C[C@@H]3OP(=O)(O)OC[C@H]3O[C@@H](n4cnc5c(N)ncnc54)C[C@@H]3OP(=O)(O)OC[C@H]3O[C@@H](n4ccc(N)nc4=O)C[C@@H]3OP(=O)(O)OC[C@H](Cn3cnc4cc5c(N)nc(N)nc5nc43)OP(=O)(O)OC[C@H]3O[C@@H](n4cnc5c(=O)[nH]c(N)nc54)C[C@@H]3OP(=O)(O)CC[C@H]3O[C@@H](n4cc(C)c(=O)[nH]c4=O)C[C@@H]3OP(=O)(O)OC[C@H]3O[C@@H](n4cnc5c(N)ncnc54)C[C@@H]3OP(=O)(O)OC[C@H]3O[C@@H](n4cc(C)c(=O)[nH]c4=O)C[C@@H]3OP(=O)(O)OC[C@H]3O[C@@H](n4ccc(N)nc4=O)C[C@@H]3OP(=O)(O)OC[C@H]3O[C@@H](n4cc(C)c(=O)[nH]c4=O)C[C@@H]3OP(=O)(O)OC[C@H]3O[C@@H](n4ccc(N)nc4=O)C[C@@H]3OP(=O)(O)OC[C@H]3O[C@@H](n4cc(C)c(=O)[nH]c4=O)C[C@@H]3O)[C@@H](COP(=O)(O)O[C@H]3C[C@H](n4cnc5c(=O)[nH]c(N)nc54)O[C@@H]3COP(=O)(O)O[C@H]3C[C@H](n4cnc5c(=O)[nH]c(N)nc54)O[C@@H]3COP(=O)(O)O[C@H]3C[C@H](n4cnc5c(N)ncnc54)O[C@@H]3COP(=O)(O)O[C@H]3C[C@H](n4cnc5c(N)ncnc54)O[C@@H]3COP(=O)(O)O[C@H]3C[C@H](n4cnc5c(=O)[nH]c(N)nc54)O[C@@H]3CO)O2)c(=O)nc1N,C188H237N75O108P18,5832.91,
COMPOUND:CHEMBL5314912,CN-105,Entity;Compound,CHEMBL5314912,,ChEMBL:CHEMBL5314912,CC(=O)N[C@H](C(=O)N[C@@H](CO)C(=O)N[C@@H](CCCNC(=N)N)C(=O)N[C@@H](CCCNC(=N)N)C(=O)N[C@@H](CCCNC(=N)N)C(N)=O)C(C)C,C28H55N15O7,713.85,
COMPOUND:CHEMBL181104,[Cu(CN)2]-,Entity;Compound,CHEMBL181104,,ChEMBL:CHEMBL181104,,CCuN2-,103.57,
COMPOUND:CHEMBL180870,[Au(CN)2],Entity;Compound,CHEMBL180870,,ChEMBL:CHEMBL180870,,CAuN2-,236.99,
COMPOUND:CHEMBL2028164,Fe complex,Entity;Compound,CHEMBL2028164,,ChEMBL:CHEMBL2028164,,C6FeN6-4,211.95,
TARGET:CHEMBL1293189,ABC-type oligopeptide transporter ABCB9,Entity;Target,CHEMBL1293189,,ChEMBL:CHEMBL1293189,,,,
COMPOUND:CHEMBL1288628,Inhibitor/Ligand CHEMBL1288628,Entity;Compound,CHEMBL1288628,,ChEMBL:CHEMBL1288628,,,,Activity=NoneNone (pChEMBL: None)
TARGET:CHEMBL3708197,Cytosolic purine 5'-nucleotidase,Entity;Target,CHEMBL3708197,,ChEMBL:CHEMBL3708197,,,,
COMPOUND:CHEMBL18094,Inhibitor/Ligand CHEMBL18094,Entity;Compound,CHEMBL18094,,ChEMBL:CHEMBL18094,,,,Inhibition=0.5% (pChEMBL: None)
COMPOUND:CHEMBL3747536,Inhibitor/Ligand CHEMBL3747536,Entity;Compound,CHEMBL3747536,,ChEMBL:CHEMBL3747536,,,,Inhibition=35.0% (pChEMBL: None)
COMPOUND:CHEMBL216973,Inhibitor/Ligand CHEMBL216973,Entity;Compound,CHEMBL216973,,ChEMBL:CHEMBL216973,,,,Inhibition=30.0% (pChEMBL: None)
COMPOUND:CHEMBL226396,Inhibitor/Ligand CHEMBL226396,Entity;Compound,CHEMBL226396,,ChEMBL:CHEMBL226396,,,,Inhibition=23.0% (pChEMBL: None)
COMPOUND:CHEMBL71443,Inhibitor/Ligand CHEMBL71443,Entity;Compound,CHEMBL71443,,ChEMBL:CHEMBL71443,,,,Inhibition=11.0% (pChEMBL: None)
COMPOUND:CHEMBL14145,Inhibitor/Ligand CHEMBL14145,Entity;Compound,CHEMBL14145,,ChEMBL:CHEMBL14145,,,,Inhibition=36.0% (pChEMBL: None)
COMPOUND:CHEMBL226345,Inhibitor/Ligand CHEMBL226345,Entity;Compound,CHEMBL226345,,ChEMBL:CHEMBL226345,,,,Inhibition=19.0% (pChEMBL: None)
COMPOUND:CHEMBL85811,Inhibitor/Ligand CHEMBL85811,Entity;Compound,CHEMBL85811,,ChEMBL:CHEMBL85811,,,,Inhibition=23.0% (pChEMBL: None)
COMPOUND:CHEMBL205165,Inhibitor/Ligand CHEMBL205165,Entity;Compound,CHEMBL205165,,ChEMBL:CHEMBL205165,,,,Inhibition=40.0% (pChEMBL: None)
COMPOUND:CHEMBL79925,Inhibitor/Ligand CHEMBL79925,Entity;Compound,CHEMBL79925,,ChEMBL:CHEMBL79925,,,,Inhibition=19.0% (pChEMBL: None)
COMPOUND:CHEMBL296021,Inhibitor/Ligand CHEMBL296021,Entity;Compound,CHEMBL296021,,ChEMBL:CHEMBL296021,,,,Inhibition=36.0% (pChEMBL: None)
COMPOUND:CHEMBL108829,Inhibitor/Ligand CHEMBL108829,Entity;Compound,CHEMBL108829,,ChEMBL:CHEMBL108829,,,,Inhibition=19.0% (pChEMBL: None)
COMPOUND:CHEMBL2386190,Inhibitor/Ligand CHEMBL2386190,Entity;Compound,CHEMBL2386190,,ChEMBL:CHEMBL2386190,,,,Inhibition=2.0% (pChEMBL: None)
COMPOUND:CHEMBL76398,Inhibitor/Ligand CHEMBL76398,Entity;Compound,CHEMBL76398,,ChEMBL:CHEMBL76398,,,,Inhibition=8.0% (pChEMBL: None)
COMPOUND:CHEMBL228862,Inhibitor/Ligand CHEMBL228862,Entity;Compound,CHEMBL228862,,ChEMBL:CHEMBL228862,,,,Inhibition=20.0% (pChEMBL: None)
TARGET:CHEMBL4295921,7-methylguanosine phosphate-specific 5'-nucleotidase,Entity;Target,CHEMBL4295921,,ChEMBL:CHEMBL4295921,,,,
COMPOUND:CHEMBL1097198,Inhibitor/Ligand CHEMBL1097198,Entity;Compound,CHEMBL1097198,,ChEMBL:CHEMBL1097198,,,,Vmax=0.228umol/min/mg (pChEMBL: None)
COMPOUND:CHEMBL4216260,Inhibitor/Ligand CHEMBL4216260,Entity;Compound,CHEMBL4216260,,ChEMBL:CHEMBL4216260,,,,Vmax=1.6umol/min/mg (pChEMBL: None)
COMPOUND:CHEMBL4203412,Inhibitor/Ligand CHEMBL4203412,Entity;Compound,CHEMBL4203412,,ChEMBL:CHEMBL4203412,,,,IC50=128000.0nM (pChEMBL: None)
COMPOUND:CHEMBL4203821,Inhibitor/Ligand CHEMBL4203821,Entity;Compound,CHEMBL4203821,,ChEMBL:CHEMBL4203821,,,,Inhibition=None% (pChEMBL: None)
COMPOUND:CHEMBL4208698,Inhibitor/Ligand CHEMBL4208698,Entity;Compound,CHEMBL4208698,,ChEMBL:CHEMBL4208698,,,,Inhibition=None% (pChEMBL: None)
COMPOUND:BRRSNXCXLSVPFC-UHFFFAOYSA-N,"2,3,4-trihydroxybenzoic acid",Entity;Compound,BRRSNXCXLSVPFC-UHFFFAOYSA-N,,PubChem:11874|Other:BRRSNXCXLSVPFC-UHFFFAOYSA-N,,C7H6O5,170.12,
COMPOUND:CHEMBL5903324,EP-0787010-A1,Entity;Compound,CHEMBL5903324,,ChEMBL:CHEMBL5903324,O=C(O)CC1CCN(C(=O)c2ccc(Cl)c(Cn3ccc4cc(C(F)(F)F)cc(F)c43)c2Cl)CC1,C24H20Cl2F4N2O3,531.33,
COMPOUND:CHEMBL389471,COUMERMYCIN A1,Entity;Compound,CHEMBL389471,,ChEMBL:CHEMBL389471,CO[C@H]1[C@H](OC(=O)c2ccc(C)[nH]2)[C@H](O)[C@@H](Oc2ccc3c(O)c(NC(=O)c4c[nH]c(C(=O)Nc5c(O)c6ccc(O[C@H]7OC(C)(C)[C@@H](OC)[C@H](OC(=O)c8ccc(C)[nH]8)[C@@H]7O)c(C)c6oc5=O)c4C)c(=O)oc3c2C)OC1(C)C,C55H59N5O20,1110.09,
COMPOUND:CHEMBL510197,SARASINOSIDE A1,Entity;Compound,CHEMBL510197,,ChEMBL:CHEMBL510197,CC(=O)N[C@H]1[C@H](O[C@@H]2CO[C@@H](O[C@H]3CC[C@]4(C)C5=C(CC[C@H]4C3(C)C)[C@@H]3CC[C@H]([C@H](C)CC(=O)C=C(C)C)[C@@]3(C)CC5)[C@H](O[C@@H]3O[C@H](CO[C@@H]4O[C@H](CO)[C@@H](O)[C@H](O)[C@H]4O[C@@H]4O[C@H](CO)[C@@H](O)[C@H](O)[C@H]4O)[C@@H](O)[C@H](O)[C@H]3NC(C)=O)[C@H]2O)O[C@H](CO)[C@H](O)[C@@H]1O,C62H100N2O26,1289.47,
COMPOUND:CHEMBL3652558,EP-0787010-A1,Entity;Compound,CHEMBL3652558,,ChEMBL:CHEMBL3652558,CN(c1cccc(F)c1)c1cc(-c2c[nH]c3ncc(-c4cnn(C)c4)cc23)nc(N)n1,C22H19FN8,414.45,
COMPOUND:CHEMBL3962224,EP-0787010-A1,Entity;Compound,CHEMBL3962224,,ChEMBL:CHEMBL3962224,O=C(Nc1ccc(C(F)(F)F)cc1)N1CCC(F)(c2ncc(C(O)CO)cc2Cl)CC1,C20H20ClF4N3O3,461.84,
TARGET:CHEMBL1293196,Endochitinase A1,Entity;Target,CHEMBL1293196,,ChEMBL:CHEMBL1293196,,,,
COMPOUND:CHEMBL20,Inhibitor/Ligand CHEMBL20,Entity;Compound,CHEMBL20,,ChEMBL:CHEMBL20,,,,IC50=164000.0nM (pChEMBL: None)
COMPOUND:CHEMBL1288786,Inhibitor/Ligand CHEMBL1288786,Entity;Compound,CHEMBL1288786,,ChEMBL:CHEMBL1288786,,,,IC50=315000.0nM (pChEMBL: None)
COMPOUND:CHEMBL1288787,Inhibitor/Ligand CHEMBL1288787,Entity;Compound,CHEMBL1288787,,ChEMBL:CHEMBL1288787,,,,IC50=1000000.0nM (pChEMBL: None)
COMPOUND:CHEMBL1288807,Inhibitor/Ligand CHEMBL1288807,Entity;Compound,CHEMBL1288807,,ChEMBL:CHEMBL1288807,,,,IC50=1000000.0nM (pChEMBL: None)
COMPOUND:CHEMBL281376,Inhibitor/Ligand CHEMBL281376,Entity;Compound,CHEMBL281376,,ChEMBL:CHEMBL281376,,,,IC50=850000.0nM (pChEMBL: None)
COMPOUND:CHEMBL265674,Inhibitor/Ligand CHEMBL265674,Entity;Compound,CHEMBL265674,,ChEMBL:CHEMBL265674,,,,IC50=1000000.0nM (pChEMBL: None)
COMPOUND:CHEMBL1288808,Inhibitor/Ligand CHEMBL1288808,Entity;Compound,CHEMBL1288808,,ChEMBL:CHEMBL1288808,,,,IC50=1000000.0nM (pChEMBL: None)
COMPOUND:CHEMBL1288809,Inhibitor/Ligand CHEMBL1288809,Entity;Compound,CHEMBL1288809,,ChEMBL:CHEMBL1288809,,,,IC50=1000000.0nM (pChEMBL: None)
COMPOUND:CHEMBL382111,Inhibitor/Ligand CHEMBL382111,Entity;Compound,CHEMBL382111,,ChEMBL:CHEMBL382111,,,,IC50=730000.0nM (pChEMBL: None)
COMPOUND:CHEMBL1288881,Inhibitor/Ligand CHEMBL1288881,Entity;Compound,CHEMBL1288881,,ChEMBL:CHEMBL1288881,,,,IC50=479000.0nM (pChEMBL: None)
COMPOUND:CHEMBL1288882,Inhibitor/Ligand CHEMBL1288882,Entity;Compound,CHEMBL1288882,,ChEMBL:CHEMBL1288882,,,,IC50=141000.0nM (pChEMBL: None)
COMPOUND:CHEMBL1288883,Inhibitor/Ligand CHEMBL1288883,Entity;Compound,CHEMBL1288883,,ChEMBL:CHEMBL1288883,,,,IC50=243000.0nM (pChEMBL: None)
COMPOUND:CHEMBL1288884,Inhibitor/Ligand CHEMBL1288884,Entity;Compound,CHEMBL1288884,,ChEMBL:CHEMBL1288884,,,,IC50=1000000.0nM (pChEMBL: None)
COMPOUND:CHEMBL173915,Inhibitor/Ligand CHEMBL173915,Entity;Compound,CHEMBL173915,,ChEMBL:CHEMBL173915,,,,IC50=1000000.0nM (pChEMBL: None)
COMPOUND:CHEMBL1288928,Inhibitor/Ligand CHEMBL1288928,Entity;Compound,CHEMBL1288928,,ChEMBL:CHEMBL1288928,,,,IC50=320000.0nM (pChEMBL: None)
TARGET:CHEMBL1293239,Bcl-2-related protein A1,Entity;Target,CHEMBL1293239,,ChEMBL:CHEMBL1293239,,,,
COMPOUND:CHEMBL1379677,Inhibitor/Ligand CHEMBL1379677,Entity;Compound,CHEMBL1379677,,ChEMBL:CHEMBL1379677,,,,IC50=100000.0nM (pChEMBL: None)
COMPOUND:CHEMBL1487918,Inhibitor/Ligand CHEMBL1487918,Entity;Compound,CHEMBL1487918,,ChEMBL:CHEMBL1487918,,,,IC50=100000.0nM (pChEMBL: None)
COMPOUND:CHEMBL1516834,Inhibitor/Ligand CHEMBL1516834,Entity;Compound,CHEMBL1516834,,ChEMBL:CHEMBL1516834,,,,IC50=22400.0nM (pChEMBL: 4.65)
COMPOUND:CHEMBL1438721,Inhibitor/Ligand CHEMBL1438721,Entity;Compound,CHEMBL1438721,,ChEMBL:CHEMBL1438721,,,,IC50=100000.0nM (pChEMBL: None)
COMPOUND:CHEMBL1399595,Inhibitor/Ligand CHEMBL1399595,Entity;Compound,CHEMBL1399595,,ChEMBL:CHEMBL1399595,,,,IC50=100000.0nM (pChEMBL: None)
COMPOUND:CHEMBL1399711,Inhibitor/Ligand CHEMBL1399711,Entity;Compound,CHEMBL1399711,,ChEMBL:CHEMBL1399711,,,,IC50=6150.0nM (pChEMBL: 5.21)
COMPOUND:CHEMBL1371774,Inhibitor/Ligand CHEMBL1371774,Entity;Compound,CHEMBL1371774,,ChEMBL:CHEMBL1371774,,,,IC50=25400.0nM (pChEMBL: 4.59)
COMPOUND:CHEMBL1478187,Inhibitor/Ligand CHEMBL1478187,Entity;Compound,CHEMBL1478187,,ChEMBL:CHEMBL1478187,,,,IC50=100000.0nM (pChEMBL: None)
COMPOUND:CHEMBL1498529,Inhibitor/Ligand CHEMBL1498529,Entity;Compound,CHEMBL1498529,,ChEMBL:CHEMBL1498529,,,,IC50=100000.0nM (pChEMBL: None)
COMPOUND:CHEMBL1369154,Inhibitor/Ligand CHEMBL1369154,Entity;Compound,CHEMBL1369154,,ChEMBL:CHEMBL1369154,,,,IC50=100000.0nM (pChEMBL: None)
COMPOUND:CHEMBL1381644,Inhibitor/Ligand CHEMBL1381644,Entity;Compound,CHEMBL1381644,,ChEMBL:CHEMBL1381644,,,,IC50=3491.2nM (pChEMBL: 5.46)
COMPOUND:CHEMBL1568497,Inhibitor/Ligand CHEMBL1568497,Entity;Compound,CHEMBL1568497,,ChEMBL:CHEMBL1568497,,,,IC50=100000.0nM (pChEMBL: None)
COMPOUND:CHEMBL1068,Inhibitor/Ligand CHEMBL1068,Entity;Compound,CHEMBL1068,,ChEMBL:CHEMBL1068,,,,IC50=100000.0nM (pChEMBL: None)
COMPOUND:CHEMBL1271764,Inhibitor/Ligand CHEMBL1271764,Entity;Compound,CHEMBL1271764,,ChEMBL:CHEMBL1271764,,,,IC50=650.0nM (pChEMBL: 6.19)
COMPOUND:CHEMBL1501864,Inhibitor/Ligand CHEMBL1501864,Entity;Compound,CHEMBL1501864,,ChEMBL:CHEMBL1501864,,,,IC50=100000.0nM (pChEMBL: None)
TARGET:CHEMBL1955709,Heterogeneous nuclear ribonucleoprotein A1,Entity;Target,CHEMBL1955709,,ChEMBL:CHEMBL1955709,,,,
COMPOUND:CHEMBL65,Inhibitor/Ligand CHEMBL65,Entity;Compound,CHEMBL65,,ChEMBL:CHEMBL65,,,,Kd=82.7nM (pChEMBL: 7.08)
COMPOUND:CHEMBL1956507,Inhibitor/Ligand CHEMBL1956507,Entity;Compound,CHEMBL1956507,,ChEMBL:CHEMBL1956507,,,,Activity=NoneNone (pChEMBL: None)
COMPOUND:CHEMBL4439278,Inhibitor/Ligand CHEMBL4439278,Entity;Compound,CHEMBL4439278,,ChEMBL:CHEMBL4439278,,,,Inhibition=None% (pChEMBL: None)
COMPOUND:CHEMBL3833324,GOLD AU 198,Entity;Compound,CHEMBL3833324,,ChEMBL:CHEMBL3833324,,Au,197.97,
COMPOUND:CHEMBL118385,AUPHEN,Entity;Compound,CHEMBL118385,,ChEMBL:CHEMBL118385,,C12H8AuCl2N2+2,448.08,
COMPOUND:CHEMBL326518,AU(TERPY),Entity;Compound,CHEMBL326518,,ChEMBL:CHEMBL326518,,C15H11AuClN3+3,465.69,
COMPOUND:CHEMBL332792,AUCYCLAM,Entity;Compound,CHEMBL332792,,ChEMBL:CHEMBL332792,,C10H20AuN4,393.27,
COMPOUND:CHEMBL3325776,AU-2001249870-A1,Entity;Compound,CHEMBL3325776,,ChEMBL:CHEMBL3325776,CC(C)=CCC/C(C)=C/CNC(=O)NC/C=C(\C)CCC=C(C)C,C21H36N2O,332.53,
TARGET:CHEMBL4296009,Heterogeneous nuclear ribonucleoprotein D0,Entity;Target,CHEMBL4296009,,ChEMBL:CHEMBL4296009,,,,
COMPOUND:CHEMBL4129274,Inhibitor/Ligand CHEMBL4129274,Entity;Compound,CHEMBL4129274,,ChEMBL:CHEMBL4129274,,,,Activity=NoneNone (pChEMBL: None)
COMPOUND:CHEMBL3752910,Inhibitor/Ligand CHEMBL3752910,Entity;Compound,CHEMBL3752910,,ChEMBL:CHEMBL3752910,,,,Kd=1149.32nM (pChEMBL: 5.94)
GENE:NCBI:7157,NCBI Gene 7157,Entity;Gene,7157,,NCBI Gene:7157,,,,
GENE:NCBI:348,NCBI Gene 348,Entity;Gene,348,,NCBI Gene:348,,,,
GENE:NCBI:7124,NCBI Gene 7124,Entity;Gene,7124,,NCBI Gene:7124,,,,
COMPOUND:WQGWDDDVZFFDIG-UHFFFAOYSA-N,"benzene-1,2,3-triol",Entity;Compound,WQGWDDDVZFFDIG-UHFFFAOYSA-N,,PubChem:1057|Other:WQGWDDDVZFFDIG-UHFFFAOYSA-N,,C6H6O3,126.11,
COMPOUND:HTQNYBBTZSBWKL-UHFFFAOYSA-N,"phenyl-(2,3,4-trihydroxyphenyl)methanone",Entity;Compound,HTQNYBBTZSBWKL-UHFFFAOYSA-N,,PubChem:70837|Other:HTQNYBBTZSBWKL-UHFFFAOYSA-N,,C13H10O4,230.22,
TARGET:CHEMBL3831223,Aminopeptidase,Entity;Target,CHEMBL3831223,,ChEMBL:CHEMBL3831223,,,,
COMPOUND:CHEMBL4449517,Inhibitor/Ligand CHEMBL4449517,Entity;Compound,CHEMBL4449517,,ChEMBL:CHEMBL4449517,,,,Stability=88.0% (pChEMBL: None)
COMPOUND:XFIFYSDGOLDFKE-GURQWTFNSA-N,"methyl 1-[(2S)-2-[[(1S,2S)-2-amino-1-cyano-3-phenylpropyl]amino]-4-methylpentanoyl]pyrrolidine-2-carboxylate",Entity;Compound,XFIFYSDGOLDFKE-GURQWTFNSA-N,,PubChem:44283829|Other:XFIFYSDGOLDFKE-GURQWTFNSA-N,,C22H32N4O3,400.5,
COMPOUND:MGEJWRLUJBZSOF-UHFFFAOYSA-N,1-[2-(4-hydroxy-3-methoxyphenyl)ethyl]-3-(2-phenylethyl)thiourea,Entity;Compound,MGEJWRLUJBZSOF-UHFFFAOYSA-N,,PubChem:44291612|Other:MGEJWRLUJBZSOF-UHFFFAOYSA-N,,C18H22N2O2S,330.4,
COMPOUND:GVTBNQNUIVIAOJ-YKTUUQIKSA-N,"(2E,4E,6E,8R,9R,10E,12E,16S,17S)-19-[(R)-[(2R,3R,4S,5R)-2,4-dihydroxy-6-[(2R)-2-[(2R,4S,5S,6S)-4-hydroxy-5-[(2S,4R,5R,6R)-5-hydroxy-4-methoxy-6-methyloxan-2-yl]oxy-4,6-dimethyloxan-2-yl]oxy-3-methoxypropyl]-3,5-dimethyloxan-2-yl]-methoxymethyl]-9-[(2R,3S,4S,5R,6S)-3,4-dihydroxy-5-methoxy-6-methyloxan-2-yl]oxy-16-hydroxy-17-methoxy-2,4,6,8,12-pentamethylcycloicosa-2,4,6,10,12-pentaen-1-one",Entity;Compound,GVTBNQNUIVIAOJ-YKTUUQIKSA-N,,PubChem:46882485|Other:GVTBNQNUIVIAOJ-YKTUUQIKSA-N,,C60H100O20,1141.4,
COMPOUND:CNMMIYOITUYCNC-LWEDLAQUSA-N,methyl (2S)-2-[[(2S)-2-amino-1-cyano-3-phenylpropyl]amino]-3-methylbutanoate,Entity;Compound,CNMMIYOITUYCNC-LWEDLAQUSA-N,,PubChem:44283857|Other:CNMMIYOITUYCNC-LWEDLAQUSA-N,,C16H23N3O2,289.37,
COMPOUND:PUSYKFULBVBEBE-UHFFFAOYSA-N,4-[3-[4-[3-[(7-chloroquinolin-4-yl)amino]propyl]piperazin-1-yl]propyl-(cyclopropylmethyl)amino]-4-oxobutanoic acid,Entity;Compound,PUSYKFULBVBEBE-UHFFFAOYSA-N,,PubChem:44323514|Other:PUSYKFULBVBEBE-UHFFFAOYSA-N,,C27H38ClN5O3,516.1,
COMPOUND:XIROXSOOOAZHLL-UHFFFAOYSA-N,"1-(2,3,4-trihydroxyphenyl)ethanone",Entity;Compound,XIROXSOOOAZHLL-UHFFFAOYSA-N,,PubChem:10706|Other:XIROXSOOOAZHLL-UHFFFAOYSA-N,,C8H8O4,168.15,
COMPOUND:CHEMBL1552426,THROMBOXANE B2,Entity;Compound,CHEMBL1552426,,ChEMBL:CHEMBL1552426,CCCCC[C@H](O)/C=C/[C@H]1OC(O)C[C@H](O)[C@@H]1C/C=C\CCCC(=O)O,C20H34O6,370.49,
TARGET:CHEMBL4296284,Beta-crystallin B2,Entity;Target,CHEMBL4296284,,ChEMBL:CHEMBL4296284,,,,
COMPOUND:CHEMBL225111,Inhibitor/Ligand CHEMBL225111,Entity;Compound,CHEMBL225111,,ChEMBL:CHEMBL225111,,,,Inhibition=None% (pChEMBL: None)
COMPOUND:CHEMBL4203007,Inhibitor/Ligand CHEMBL4203007,Entity;Compound,CHEMBL4203007,,ChEMBL:CHEMBL4203007,,,,Inhibition=None% (pChEMBL: None)
COMPOUND:CHEMBL4205794,Inhibitor/Ligand CHEMBL4205794,Entity;Compound,CHEMBL4205794,,ChEMBL:CHEMBL4205794,,,,Inhibition=None% (pChEMBL: None)
COMPOUND:CHEMBL4218328,Inhibitor/Ligand CHEMBL4218328,Entity;Compound,CHEMBL4218328,,ChEMBL:CHEMBL4218328,,,,Inhibition=None% (pChEMBL: None)
COMPOUND:CHEMBL4213644,Inhibitor/Ligand CHEMBL4213644,Entity;Compound,CHEMBL4213644,,ChEMBL:CHEMBL4213644,,,,Inhibition=None% (pChEMBL: None)
COMPOUND:CHEMBL4204376,Inhibitor/Ligand CHEMBL4204376,Entity;Compound,CHEMBL4204376,,ChEMBL:CHEMBL4204376,,,,Inhibition=None% (pChEMBL: None)
COMPOUND:CHEMBL4209249,Inhibitor/Ligand CHEMBL4209249,Entity;Compound,CHEMBL4209249,,ChEMBL:CHEMBL4209249,,,,Inhibition=None% (pChEMBL: None)
TARGET:CHEMBL3419,Carboxypeptidase B2,Entity;Target,CHEMBL3419,,ChEMBL:CHEMBL3419,,,,
COMPOUND:CHEMBL302067,Inhibitor/Ligand CHEMBL302067,Entity;Compound,CHEMBL302067,,ChEMBL:CHEMBL302067,,,,IC50=1000.0nM (pChEMBL: 6.00)
COMPOUND:CHEMBL150332,Inhibitor/Ligand CHEMBL150332,Entity;Compound,CHEMBL150332,,ChEMBL:CHEMBL150332,,,,IC50=8.2nM (pChEMBL: 8.09)
COMPOUND:CHEMBL436425,Inhibitor/Ligand CHEMBL436425,Entity;Compound,CHEMBL436425,,ChEMBL:CHEMBL436425,,,,IC50=21.0nM (pChEMBL: 7.68)
COMPOUND:CHEMBL151284,Inhibitor/Ligand CHEMBL151284,Entity;Compound,CHEMBL151284,,ChEMBL:CHEMBL151284,,,,IC50=1600.0nM (pChEMBL: 5.80)
COMPOUND:CHEMBL356252,Inhibitor/Ligand CHEMBL356252,Entity;Compound,CHEMBL356252,,ChEMBL:CHEMBL356252,,,,IC50=52.0nM (pChEMBL: 7.28)
COMPOUND:CHEMBL68399,Inhibitor/Ligand CHEMBL68399,Entity;Compound,CHEMBL68399,,ChEMBL:CHEMBL68399,,,,IC50=2.7nM (pChEMBL: 8.57)
COMPOUND:CHEMBL344949,Inhibitor/Ligand CHEMBL344949,Entity;Compound,CHEMBL344949,,ChEMBL:CHEMBL344949,,,,IC50=50.0nM (pChEMBL: 7.30)
COMPOUND:CHEMBL358017,Inhibitor/Ligand CHEMBL358017,Entity;Compound,CHEMBL358017,,ChEMBL:CHEMBL358017,,,,IC50=36.0nM (pChEMBL: 7.44)
COMPOUND:CHEMBL33352,Inhibitor/Ligand CHEMBL33352,Entity;Compound,CHEMBL33352,,ChEMBL:CHEMBL33352,,,,IC50=100000.0nM (pChEMBL: None)
COMPOUND:CHEMBL149680,Inhibitor/Ligand CHEMBL149680,Entity;Compound,CHEMBL149680,,ChEMBL:CHEMBL149680,,,,IC50=6.0nM (pChEMBL: 8.22)
COMPOUND:CHEMBL70177,Inhibitor/Ligand CHEMBL70177,Entity;Compound,CHEMBL70177,,ChEMBL:CHEMBL70177,,,,IC50=2.0nM (pChEMBL: 8.70)
COMPOUND:CHEMBL67234,Inhibitor/Ligand CHEMBL67234,Entity;Compound,CHEMBL67234,,ChEMBL:CHEMBL67234,,,,IC50=20000.0nM (pChEMBL: None)
GENE:NCBI:3569,NCBI Gene 3569,Entity;Gene,3569,,NCBI Gene:3569,,,,
GENE:NCBI:7422,NCBI Gene 7422,Entity;Gene,7422,,NCBI Gene:7422,,,,
COMPOUND:DVRZRQXKGNGTPD-KSCSMHSMSA-N,methyl (2S)-2-[[(2S)-2-amino-1-cyano-3-phenylpropyl]amino]-4-methylpentanoate,Entity;Compound,DVRZRQXKGNGTPD-KSCSMHSMSA-N,,PubChem:44284101|Other:DVRZRQXKGNGTPD-KSCSMHSMSA-N,,C17H25N3O2,303.4,
COMPOUND:CHEMBL4555272,CA-3025007-A1,Entity;Compound,CHEMBL4555272,,ChEMBL:CHEMBL4555272,CO[C@@H]1[C@@H](OC(=O)c2ccc(C)[nH]2)[C@@H](O)[C@H](Oc2ccc3c(O)c(NC(=O)c4c[nH]c(C(=O)Nc5c(O)c6ccc(O[C@@H]7OC(C)(C)[C@H](OC)[C@@H](OC(=O)c8ccc(C)[nH]8)[C@H]7O)c(C)c6oc5=O)c4C)c(=O)oc3c2C)OC1(C)C,C55H59N5O20,1110.09,
TARGET:CHEMBL613543,CA-755,Entity;Target,CHEMBL613543,,ChEMBL:CHEMBL613543,,,,
COMPOUND:CHEMBL7643,Inhibitor/Ligand CHEMBL7643,Entity;Compound,CHEMBL7643,,ChEMBL:CHEMBL7643,,,,Inhibition=100.0% (pChEMBL: None)
COMPOUND:CHEMBL7829,Inhibitor/Ligand CHEMBL7829,Entity;Compound,CHEMBL7829,,ChEMBL:CHEMBL7829,,,,Inhibition=100.0% (pChEMBL: None)
COMPOUND:CHEMBL79188,Inhibitor/Ligand CHEMBL79188,Entity;Compound,CHEMBL79188,,ChEMBL:CHEMBL79188,,,,Inhibition=94.0% (pChEMBL: None)
COMPOUND:CHEMBL275638,Inhibitor/Ligand CHEMBL275638,Entity;Compound,CHEMBL275638,,ChEMBL:CHEMBL275638,,,,Activity=NoneNone (pChEMBL: None)
COMPOUND:CHEMBL327209,Inhibitor/Ligand CHEMBL327209,Entity;Compound,CHEMBL327209,,ChEMBL:CHEMBL327209,,,,Activity=NoneNone (pChEMBL: None)
COMPOUND:CHEMBL291876,Inhibitor/Ligand CHEMBL291876,Entity;Compound,CHEMBL291876,,ChEMBL:CHEMBL291876,,,,Activity=NoneNone (pChEMBL: None)
COMPOUND:CHEMBL483634,Inhibitor/Ligand CHEMBL483634,Entity;Compound,CHEMBL483634,,ChEMBL:CHEMBL483634,,,,Activity=NoneNone (pChEMBL: None)
COMPOUND:CHEMBL519494,Inhibitor/Ligand CHEMBL519494,Entity;Compound,CHEMBL519494,,ChEMBL:CHEMBL519494,,,,Activity=NoneNone (pChEMBL: None)
COMPOUND:CHEMBL263241,Inhibitor/Ligand CHEMBL263241,Entity;Compound,CHEMBL263241,,ChEMBL:CHEMBL263241,,,,Activity=NoneNone (pChEMBL: None)
COMPOUND:CHEMBL243664,Inhibitor/Ligand CHEMBL243664,Entity;Compound,CHEMBL243664,,ChEMBL:CHEMBL243664,,,,Activity=NoneNone (pChEMBL: None)
COMPOUND:CHEMBL77695,Inhibitor/Ligand CHEMBL77695,Entity;Compound,CHEMBL77695,,ChEMBL:CHEMBL77695,,,,Activity=NoneNone (pChEMBL: None)
COMPOUND:CHEMBL74490,Inhibitor/Ligand CHEMBL74490,Entity;Compound,CHEMBL74490,,ChEMBL:CHEMBL74490,,,,Activity=NoneNone (pChEMBL: None)
COMPOUND:CHEMBL75349,Inhibitor/Ligand CHEMBL75349,Entity;Compound,CHEMBL75349,,ChEMBL:CHEMBL75349,,,,Activity=NoneNone (pChEMBL: None)
COMPOUND:CHEMBL490975,Inhibitor/Ligand CHEMBL490975,Entity;Compound,CHEMBL490975,,ChEMBL:CHEMBL490975,,,,Activity=NoneNone (pChEMBL: None)
COMPOUND:CHEMBL73930,Inhibitor/Ligand CHEMBL73930,Entity;Compound,CHEMBL73930,,ChEMBL:CHEMBL73930,,,,Activity=NoneNone (pChEMBL: None)
TARGET:CHEMBL1075392,AN3-CA,Entity;Target,CHEMBL1075392,,ChEMBL:CHEMBL1075392,,,,
COMPOUND:CHEMBL2177818,Inhibitor/Ligand CHEMBL2177818,Entity;Compound,CHEMBL2177818,,ChEMBL:CHEMBL2177818,,,,IC50=70000.0nM (pChEMBL: 4.16)
COMPOUND:CHEMBL2177825,Inhibitor/Ligand CHEMBL2177825,Entity;Compound,CHEMBL2177825,,ChEMBL:CHEMBL2177825,,,,IC50=60000.0nM (pChEMBL: 4.22)
COMPOUND:CHEMBL2177826,Inhibitor/Ligand CHEMBL2177826,Entity;Compound,CHEMBL2177826,,ChEMBL:CHEMBL2177826,,,,IC50=33000.0nM (pChEMBL: 4.48)
COMPOUND:CHEMBL2177833,Inhibitor/Ligand CHEMBL2177833,Entity;Compound,CHEMBL2177833,,ChEMBL:CHEMBL2177833,,,,IC50=13000.0nM (pChEMBL: 4.89)
COMPOUND:CHEMBL2177832,Inhibitor/Ligand CHEMBL2177832,Entity;Compound,CHEMBL2177832,,ChEMBL:CHEMBL2177832,,,,IC50=13000.0nM (pChEMBL: 4.89)
COMPOUND:CHEMBL2177837,Inhibitor/Ligand CHEMBL2177837,Entity;Compound,CHEMBL2177837,,ChEMBL:CHEMBL2177837,,,,IC50=10000.0nM (pChEMBL: 5.00)
COMPOUND:CHEMBL2177829,Inhibitor/Ligand CHEMBL2177829,Entity;Compound,CHEMBL2177829,,ChEMBL:CHEMBL2177829,,,,IC50=8800.0nM (pChEMBL: 5.06)
COMPOUND:CHEMBL2177835,Inhibitor/Ligand CHEMBL2177835,Entity;Compound,CHEMBL2177835,,ChEMBL:CHEMBL2177835,,,,IC50=5500.0nM (pChEMBL: 5.26)
COMPOUND:CHEMBL2177827,Inhibitor/Ligand CHEMBL2177827,Entity;Compound,CHEMBL2177827,,ChEMBL:CHEMBL2177827,,,,IC50=2100.0nM (pChEMBL: 5.68)
COMPOUND:CHEMBL2177836,Inhibitor/Ligand CHEMBL2177836,Entity;Compound,CHEMBL2177836,,ChEMBL:CHEMBL2177836,,,,IC50=2000.0nM (pChEMBL: 5.70)
COMPOUND:CHEMBL2177828,Inhibitor/Ligand CHEMBL2177828,Entity;Compound,CHEMBL2177828,,ChEMBL:CHEMBL2177828,,,,IC50=1700.0nM (pChEMBL: 5.77)
COMPOUND:CHEMBL2177834,Inhibitor/Ligand CHEMBL2177834,Entity;Compound,CHEMBL2177834,,ChEMBL:CHEMBL2177834,,,,IC50=1500.0nM (pChEMBL: 5.82)
COMPOUND:CHEMBL2177831,Inhibitor/Ligand CHEMBL2177831,Entity;Compound,CHEMBL2177831,,ChEMBL:CHEMBL2177831,,,,IC50=100000.0nM (pChEMBL: None)
COMPOUND:CHEMBL2177830,Inhibitor/Ligand CHEMBL2177830,Entity;Compound,CHEMBL2177830,,ChEMBL:CHEMBL2177830,,,,IC50=100000.0nM (pChEMBL: None)
COMPOUND:CHEMBL2177819,Inhibitor/Ligand CHEMBL2177819,Entity;Compound,CHEMBL2177819,,ChEMBL:CHEMBL2177819,,,,IC50=100000.0nM (pChEMBL: None)
TARGET:CHEMBL1075403,Ca-Ski,Entity;Target,CHEMBL1075403,,ChEMBL:CHEMBL1075403,,,,
COMPOUND:CHEMBL504086,Inhibitor/Ligand CHEMBL504086,Entity;Compound,CHEMBL504086,,ChEMBL:CHEMBL504086,,,,ED50=NoneNone (pChEMBL: None)
COMPOUND:CHEMBL1554,Inhibitor/Ligand CHEMBL1554,Entity;Compound,CHEMBL1554,,ChEMBL:CHEMBL1554,,,,ED50=1.910'-3 ug/ml (pChEMBL: None)
COMPOUND:CHEMBL498242,Inhibitor/Ligand CHEMBL498242,Entity;Compound,CHEMBL498242,,ChEMBL:CHEMBL498242,,,,ED50=7.2ug ml-1 (pChEMBL: None)
COMPOUND:CHEMBL225110,Inhibitor/Ligand CHEMBL225110,Entity;Compound,CHEMBL225110,,ChEMBL:CHEMBL225110,,,,ED50=3.9ug ml-1 (pChEMBL: None)
COMPOUND:CHEMBL387689,Inhibitor/Ligand CHEMBL387689,Entity;Compound,CHEMBL387689,,ChEMBL:CHEMBL387689,,,,ED50=6.2ug ml-1 (pChEMBL: None)
COMPOUND:CHEMBL465954,Inhibitor/Ligand CHEMBL465954,Entity;Compound,CHEMBL465954,,ChEMBL:CHEMBL465954,,,,ED50=NoneNone (pChEMBL: None)
COMPOUND:CHEMBL447384,Inhibitor/Ligand CHEMBL447384,Entity;Compound,CHEMBL447384,,ChEMBL:CHEMBL447384,,,,ED50=4.0ug ml-1 (pChEMBL: None)
COMPOUND:CHEMBL466396,Inhibitor/Ligand CHEMBL466396,Entity;Compound,CHEMBL466396,,ChEMBL:CHEMBL466396,,,,Activity=53.6% (pChEMBL: None)
COMPOUND:CHEMBL2009620,89809684,Entity;Compound,CHEMBL2009620,,ChEMBL:CHEMBL2009620,CCC1(CN(C)C)CC/C(=C\c2ccc3c(c2)OCO3)C1=O,C18H23NO3,301.39,
COMPOUND:YCIMNLLNPGFGHC-UHFFFAOYSA-N,"benzene-1,2-diol",Entity;Compound,YCIMNLLNPGFGHC-UHFFFAOYSA-N,,PubChem:289|Other:YCIMNLLNPGFGHC-UHFFFAOYSA-N,,C6H6O2,110.11,
COMPOUND:XITRVGKUVZAAKK-DCWCUINXSA-N,"(2E,4E,6E,8R,9R,10E,12E,16S,17S)-19-[(R)-[(2R,3R,4S,5R)-2,4-dihydroxy-6-[(2R)-2-[(2R,4S,5S,6S)-4-hydroxy-5-[(2S,4R,5R,6R)-5-hydroxy-4-methoxy-6-methyloxan-2-yl]oxy-4,6-dimethyloxan-2-yl]oxy-3-methoxypropyl]-3,5-dimethyloxan-2-yl]-hydroxymethyl]-9-[(2R,3S,4S,5R,6S)-3,4-dihydroxy-5-methoxy-6-methyloxan-2-yl]oxy-16-hydroxy-17-methoxy-2,4,6,8,12-pentamethylcycloicosa-2,4,6,10,12-pentaen-1-one",Entity;Compound,XITRVGKUVZAAKK-DCWCUINXSA-N,,PubChem:46882478|Other:XITRVGKUVZAAKK-DCWCUINXSA-N,,C59H98O20,1127.4,
COMPOUND:PYHYFKNWYFMEKQ-ADUPEVMXSA-N,methyl (2S)-6-amino-2-[[(2S)-1-cyano-2-[(2-methylpropan-2-yl)oxycarbonylamino]-3-phenylpropyl]amino]hexanoate,Entity;Compound,PYHYFKNWYFMEKQ-ADUPEVMXSA-N,,PubChem:44283886|Other:PYHYFKNWYFMEKQ-ADUPEVMXSA-N,,C22H34N4O4,418.5,
COMPOUND:SVXGRTDZJUZDQA-UHFFFAOYSA-N,"N-[1-cyclohexyl-3-hydroxy-6-methyl-5-(morpholine-4-carbonyl)heptan-2-yl]-2-(8-propyl-6-pyridin-3-yl-[1,2,4]triazolo[4,3-a]pyrazin-3-yl)-3-pyridin-3-ylpropanamide",Entity;Compound,SVXGRTDZJUZDQA-UHFFFAOYSA-N,,PubChem:14788007|Other:SVXGRTDZJUZDQA-UHFFFAOYSA-N,,C40H54N8O4,710.9,
COMPOUND:OKSHTWZOWGVSGP-CCLPZIEXSA-N,"[(1S,4E,6E,8R,9R,10E,12E,14E,20S)-18-[(R)-[(2R,3R,4S,5R)-2,4-dihydroxy-6-[(2R)-2-[(2R,4S,5S,6S)-4-hydroxy-5-[(2S,4R,5R,6R)-5-hydroxy-4-methoxy-6-methyloxan-2-yl]oxy-4,6-dimethyloxan-2-yl]oxy-3-methoxypropyl]-3,5-dimethyloxan-2-yl]-hydroxymethyl]-8-[(2R,3S,4S,5R,6S)-3,4-dihydroxy-5-methoxy-6-methyloxan-2-yl]oxy-20-methoxy-5,9,11,13,15-pentamethyl-16-oxocycloicosa-4,6,10,12,14-pentaen-1-yl] acetate",Entity;Compound,OKSHTWZOWGVSGP-CCLPZIEXSA-N,,PubChem:46882482|Other:OKSHTWZOWGVSGP-CCLPZIEXSA-N,,C61H100O21,1169.4,
COMPOUND:GQEZCZNIPDHDLS-KSCSMHSMSA-N,methyl (2S)-6-amino-2-[[(2S)-2-amino-1-cyano-3-phenylpropyl]amino]hexanoate,Entity;Compound,GQEZCZNIPDHDLS-KSCSMHSMSA-N,,PubChem:44283840|Other:GQEZCZNIPDHDLS-KSCSMHSMSA-N,,C17H26N4O2,318.4,
COMPOUND:YZOFLYUAQDJWKV-UHFFFAOYSA-N,"2-[(3,4,5-trihydroxyphenyl)methylidene]propanedinitrile",Entity;Compound,YZOFLYUAQDJWKV-UHFFFAOYSA-N,,PubChem:2061|Other:YZOFLYUAQDJWKV-UHFFFAOYSA-N,,C10H6N2O3,202.17,
COMPOUND:BGIXVQPJBLGABA-DFTYRMFRSA-N,"(3E,5E,7E,9R,10R,11E,13E,17S,18S,20S,21R)-21-[(2R,3R,4S,5R)-2,4-dihydroxy-6-[(2R)-2-[(2R,4S,5S,6S)-4-hydroxy-5-[(2S,4R,5R,6R)-5-hydroxy-4-methoxy-6-methyloxan-2-yl]oxy-4,6-dimethyloxan-2-yl]oxy-3-methoxypropyl]-3,5-dimethyloxan-2-yl]-10-[(2R,3S,4S,5R,6S)-3,4-dihydroxy-5-methoxy-6-methyloxan-2-yl]oxy-17,20-dihydroxy-18-methoxy-3,5,7,9,13-pentamethyl-1-oxacyclohenicosa-3,5,7,11,13-pentaen-2-one",Entity;Compound,BGIXVQPJBLGABA-DFTYRMFRSA-N,,PubChem:16760498|Other:BGIXVQPJBLGABA-DFTYRMFRSA-N,,C58H96O21,1129.4,
COMPOUND:CHEMBL1421,DASATINIB ANHYDROUS,Entity;Compound,CHEMBL1421,,ChEMBL:CHEMBL1421,Cc1nc(Nc2ncc(C(=O)Nc3c(C)cccc3Cl)s2)cc(N2CCN(CCO)CC2)n1,C22H26ClN7O2S,488.02,
